seq_id,genus_taxid
RS_GCF_000955805.1,286.0
RS_GCF_000380335.1,352.0
RS_GCF_007830255.1,69961.0
RS_GCF_001267175.1,1654787.0
RS_GCF_001580025.1,1827307.0
RS_GCF_003991975.1,2758906.0
RS_GCF_009653635.1,305899.0
GB_GCA_002238585.1,1036132.0
RS_GCF_900174585.1,2066475.0
RS_GCF_013425485.1,2768738.0
RS_GCF_000428585.1,202771.0
RS_GCF_003864255.1,2717331.0
RS_GCF_002257525.1,2745.0
RS_GCF_007954585.1,1897649.0
RS_GCF_900106955.1,1395977.0
RS_GCF_003206695.1,404432.0
RS_GCF_013393405.1,42054.0
RS_GCF_002157205.1,504090.0
RS_GCF_000621205.1,376488.0
RS_GCF_000526695.1,64322.0
RS_GCF_003610015.1,33073.0
RS_GCF_000591415.1,204286.0
RS_GCF_000686905.1,64968.0
RS_GCF_001709345.1,1861843.0
RS_GCF_900108915.1,196078.0
RS_GCF_002150805.1,965.0
RS_GCF_000428985.1,48075.0
RS_GCF_008973755.1,267849.0
RS_GCF_001305295.1,75687.0
RS_GCF_001597725.1,459520.0
RS_GCF_003957515.1,515417.0
RS_GCF_003345655.1,1775292.0
RS_GCF_003194385.1,75683.0
RS_GCF_900156675.1,759360.0
RS_GCF_000355675.1,187492.0
RS_GCF_000422845.1,196079.0
RS_GCF_002237535.1,1537406.0
RS_GCF_000967895.1,188907.0
RS_GCF_012295615.1,599651.0
RS_GCF_003367315.1,231683.0
RS_GCF_004341165.1,230494.0
RS_GCF_004768465.1,2562805.0
RS_GCF_000940805.1,1445504.0
RS_GCF_003577475.1,2694839.0
RS_GCF_000521805.1,28253.0
RS_GCF_000170835.1,2742.0
RS_GCF_003096655.1,1857014.0
RS_GCF_002514725.1,2047735.0
RS_GCF_004851605.1,2650549.0
RS_GCF_002286965.1,332518.0
RS_GCF_002260525.1,158481.0
RS_GCF_002162375.1,141450.0
RS_GCF_003634075.1,2425.0
RS_GCF_000013665.1,316625.0
RS_GCF_002157225.2,2036021.0
RS_GCF_902141825.1,1123951.0
RS_GCF_003265435.1,2038244.0
RS_GCF_001292705.1,1792291.0
RS_GCF_000209515.1,62100.0
RS_GCF_011440395.1,1458243.0
RS_GCF_011602085.1,1122284.0
RS_GCF_007004655.1,2752545.0
RS_GCF_000953825.1,10.0
RS_GCF_000423345.1,359337.0
RS_GCF_001187555.1,940550.0
RS_GCF_014192475.1,447467.0
RS_GCF_001639145.1,48073.0
RS_GCF_000744735.1,1123967.0
RS_GCF_003688415.1,745153.0
RS_GCF_902705825.1,1217416.0
RS_GCF_000423125.1,475794.0
RS_GCF_010669285.1,2678529.0
RS_GCF_003402235.1,1857932.0
RS_GCF_000158155.1,393661.0
RS_GCF_000764025.1,1341120.0
RS_GCF_004340525.1,1132027.0
RS_GCF_902518075.1,1341118.0
RS_GCF_002915595.1,2689588.0
RS_GCF_001586255.1,1434050.0
RS_GCF_000420325.1,630749.0
RS_GCF_014191715.1,1654711.0
RS_GCF_900120175.1,1084558.0
RS_GCF_000373485.1,503005.0
RS_GCF_003752585.1,1434044.0
RS_GCF_001444425.1,1524249.0
RS_GCF_009650135.1,418700.0
RS_GCF_000368785.1,469.0
RS_GCF_001982605.1,222991.0
RS_GCF_009725675.1,497.0
RS_GCF_002014965.1,475.0
RS_GCF_003051055.1,186829.0
RS_GCF_004217445.1,1742986.0
RS_GCF_001676655.1,661182.0
RS_GCF_003387535.1,1268272.0
RS_GCF_000300995.1,59753.0
RS_GCF_009746715.1,2025617.0
RS_GCF_000493015.1,547.0
RS_GCF_001652505.2,1330545.0
RS_GCF_011290365.1,83654.0
RS_GCF_014298075.1,160674.0
RS_GCF_000828055.2,570.0
RS_GCF_902706235.1,2726810.0
RS_GCF_001598855.1,1330546.0
RS_GCF_000734965.1,158851.0
RS_GCF_000735455.1,158876.0
RS_GCF_014218705.1,579.0
RS_GCF_000330845.1,1504576.0
RS_GCF_002949675.1,561.0
RS_GCF_008692785.1,590.0
RS_GCF_000759755.1,544.0
RS_GCF_007680145.1,2055880.0
RS_GCF_001187865.1,2303321.0
RS_GCF_900184035.1,1330547.0
RS_GCF_000321045.1,447792.0
RS_GCF_001277195.1,413496.0
RS_GCF_000463115.2,1649295.0
RS_GCF_009907385.1,1903434.0
RS_GCF_000463155.2,1649298.0
RS_GCF_000262305.1,1335483.0
RS_GCF_001655675.1,451512.0
RS_GCF_003601925.1,82976.0
RS_GCF_000277545.1,158483.0
RS_GCF_011035165.1,32199.0
RS_GCF_003391335.1,472825.0
RS_GCF_004296535.1,204619.0
GB_GCA_002688505.1,2608261.0
RS_GCF_003956045.1,1302410.0
RS_GCF_002073895.1,401618.0
RS_GCF_000008885.1,51228.0
GB_GCA_001242845.1,1699619.0
RS_GCF_000828815.1,1682492.0
RS_GCF_009827135.1,203804.0
RS_GCF_000828515.1,409304.0
RS_GCF_002858935.1,53335.0
RS_GCF_000735525.1,82986.0
RS_GCF_002752555.1,1356488.0
RS_GCF_000518745.1,1297562.0
RS_GCF_001571305.1,551.0
RS_GCF_002895925.1,2100764.0
RS_GCF_002006995.1,1780190.0
RS_GCF_000513215.1,613.0
RS_GCF_001976145.1,1745211.0
RS_GCF_002291425.1,929812.0
RS_GCF_003614975.1,34037.0
RS_GCF_000735345.1,41201.0
RS_GCF_000257645.1,1565532.0
RS_GCF_003332275.1,2678248.0
RS_GCF_002858715.1,2716544.0
RS_GCF_000312485.1,629.0
RS_GCF_000021705.1,568987.0
RS_GCF_000143625.1,568988.0
RS_GCF_000023605.1,122277.0
RS_GCF_004342665.1,160433.0
RS_GCF_003115845.1,71655.0
RS_GCF_000365305.1,204037.0
RS_GCF_000688655.1,1082702.0
RS_GCF_000264765.2,635.0
RS_GCF_900095695.1,568.0
RS_GCF_003363015.1,1822002.0
RS_GCF_009800925.1,82978.0
RS_GCF_900112475.1,82984.0
RS_GCF_004295645.1,2172100.0
RS_GCF_900478135.1,82980.0
RS_GCF_900087055.1,702.0
RS_GCF_000754265.1,198346.0
RS_GCF_900048045.1,1906660.0
RS_GCF_900048035.1,1906661.0
RS_GCF_900044015.1,1906659.0
RS_GCF_000364725.1,1048757.0
RS_GCF_900039485.1,1906657.0
RS_GCF_000010085.1,84565.0
RS_GCF_004343195.1,466108.0
RS_GCF_000252955.1,626.0
RS_GCF_003343245.1,29487.0
RS_GCF_900455085.1,586.0
RS_GCF_001294465.1,158848.0
RS_GCF_013460135.1,637.0
RS_GCF_003144495.1,583.0
RS_GCF_001006565.1,581.0
RS_GCF_001690705.1,1193503.0
RS_GCF_000807275.1,1335631.0
RS_GCF_003634275.1,743714.0
RS_GCF_000471645.3,1505768.0
RS_GCF_900111395.1,336803.0
RS_GCF_001679045.1,724.0
RS_GCF_002000545.1,1960084.0
RS_GCF_003130075.1,416916.0
RS_GCF_900186835.1,745.0
RS_GCF_004565475.1,53416.0
RS_GCF_011455875.1,697331.0
RS_GCF_004363295.1,1648517.0
RS_GCF_002795425.1,2070447.0
RS_GCF_004339025.1,256730.0
RS_GCF_004340985.1,1648514.0
RS_GCF_000752995.2,908284.0
RS_GCF_002795405.1,2070443.0
RS_GCF_900450705.1,292486.0
RS_GCF_002015075.1,214906.0
RS_GCF_013377195.1,109471.0
RS_GCF_000521605.1,75984.0
RS_GCF_000188255.1,713.0
RS_GCF_009761375.1,1855419.0
RS_GCF_009684715.1,1249016.0
RS_GCF_011455495.1,1649317.0
RS_GCF_013377275.1,1520333.0
RS_GCF_004519515.1,2094023.0
RS_GCF_001038205.1,1857532.0
RS_GCF_004345745.1,271159.0
RS_GCF_004346205.1,476528.0
RS_GCF_013377295.1,146805.0
RS_GCF_001678475.1,155493.0
RS_GCF_000772535.1,658623.0
RS_GCF_900184095.1,662.0
RS_GCF_002954715.1,511678.0
RS_GCF_003025555.1,657.0
RS_GCF_002157795.1,2014233.0
RS_GCF_900055185.1,188143.0
RS_GCF_001995985.1,51366.0
RS_GCF_002216855.1,2042066.0
RS_GCF_002795305.1,642.0
RS_GCF_014202415.1,43947.0
RS_GCF_002936955.1,225143.0
RS_GCF_002237365.1,347533.0
RS_GCF_002245495.1,129577.0
RS_GCF_003072645.1,2802288.0
RS_GCF_900116345.1,83770.0
RS_GCF_000188195.1,674963.0
RS_GCF_000482845.1,13334.0
RS_GCF_900115655.1,866.0
RS_GCF_000378405.1,83768.0
RS_GCF_003585935.1,2873964.0
RS_GCF_004378355.1,67572.0
RS_GCF_003596335.1,1914248.0
RS_GCF_008931805.1,58050.0
RS_GCF_002835545.1,1573826.0
RS_GCF_000414175.1,261825.0
RS_GCF_000429505.1,882379.0
RS_GCF_003610775.1,2676252.0
RS_GCF_004339545.1,412033.0
RS_GCF_002838165.1,22.0
RS_GCF_004358445.1,2547964.0
RS_GCF_002282895.1,375673.0
RS_GCF_012295575.1,44011.0
RS_GCF_002165625.1,1434025.0
RS_GCF_004336975.1,1775176.0
RS_GCF_005887095.1,53246.0
RS_GCF_002954545.1,907197.0
RS_GCF_000987775.1,336830.0
RS_GCF_000245735.1,111142.0
RS_GCF_004369005.1,67575.0
RS_GCF_003990335.1,2071980.0
RS_GCF_900107845.1,265980.0
RS_GCF_000374485.1,296014.0
RS_GCF_005885605.1,28228.0
RS_GCF_006439335.1,1407056.0
RS_GCF_002077175.1,2848171.0
RS_GCF_002000085.1,2848177.0
RS_GCF_000948985.1,137583.0
RS_GCF_900111755.1,1518149.0
RS_GCF_000300815.1,1172191.0
RS_GCF_000730385.1,226.0
RS_GCF_006228385.1,288793.0
RS_GCF_006494365.1,2662254.0
RS_GCF_004798935.1,89404.0
RS_GCF_000429145.1,249523.0
RS_GCF_000314995.1,1621534.0
RS_GCF_007197995.1,1406885.0
RS_GCF_014270035.1,2125985.0
RS_GCF_002201535.1,1751872.0
RS_GCF_003143555.1,2661818.0
RS_GCF_002887595.1,366580.0
RS_GCF_003987045.1,2800384.0
RS_GCF_003226255.1,135575.0
RS_GCF_003986975.1,1249554.0
RS_GCF_003751625.1,745410.0
RS_GCF_003194565.1,261963.0
RS_GCF_007004765.1,1920241.0
RS_GCF_003148745.1,1502941.0
RS_GCF_009756665.1,1649479.0
RS_GCF_003097315.1,2590445.0
RS_GCF_009805595.1,189384.0
GB_GCA_000147015.1,884214.0
RS_GCF_000300075.1,235572.0
RS_GCF_000953435.1,1495768.0
RS_GCF_000015105.1,1541743.0
RS_GCF_008711465.1,262.0
RS_GCF_012222965.1,1869285.0
RS_GCF_001880225.1,2670346.0
RS_GCF_008711525.1,2056696.0
RS_GCF_002803295.2,28905.0
RS_GCF_003428155.1,2056689.0
RS_GCF_000379445.1,482136.0
RS_GCF_014109805.1,445.0
RS_GCF_900187355.1,465.0
RS_GCF_902459475.1,254245.0
RS_GCF_000815025.1,776.0
RS_GCF_000257395.1,59195.0
RS_GCF_001431295.1,1755683.0
RS_GCF_000297215.2,1237.0
RS_GCF_001431595.1,40323.0
RS_GCF_000802365.1,338.0
RS_GCF_011801475.1,2370.0
RS_GCF_010093205.1,83618.0
RS_GCF_004358165.1,83614.0
RS_GCF_004346265.1,141948.0
RS_GCF_000731095.1,68.0
RS_GCF_003814555.1,1649512.0
RS_GCF_000743535.1,490567.0
RS_GCF_000429065.1,292713.0
RS_GCF_014202935.1,1344362.0
RS_GCF_900101825.1,265718.0
RS_GCF_014202825.1,1648505.0
RS_GCF_900114325.1,75309.0
RS_GCF_003350925.1,231454.0
RS_GCF_003148905.1,155196.0
RS_GCF_003967035.1,2707020.0
RS_GCF_000242255.2,70411.0
RS_GCF_011759365.1,242605.0
RS_GCF_000761445.1,1649642.0
RS_GCF_002077135.1,1218803.0
RS_GCF_000953855.2,1544982.0
RS_GCF_900115085.1,323413.0
RS_GCF_005503555.1,886360.0
RS_GCF_004168365.1,2709666.0
RS_GCF_004363655.1,1453544.0
RS_GCF_003015185.1,2233801.0
RS_GCF_004343305.1,999506.0
RS_GCF_010499265.1,1676142.0
RS_GCF_002591915.1,863253.0
RS_GCF_009676705.1,1335745.0
RS_GCF_000374645.1,2368.0
RS_GCF_000153205.1,35796.0
RS_GCF_002356555.2,85108.0
RS_GCF_000014785.1,133193.0
RS_GCF_900110585.1,406099.0
RS_GCF_014202975.1,1538468.0
RS_GCF_001579945.1,469322.0
RS_GCF_001677435.1,1738655.0
RS_GCF_012241385.1,413435.0
RS_GCF_010092425.1,1861863.0
RS_GCF_900113085.1,1434005.0
RS_GCF_000711245.1,1274363.0
RS_GCF_003052265.1,2689591.0
RS_GCF_000271305.1,243627.0
RS_GCF_004364935.1,381430.0
RS_GCF_003730135.1,2689590.0
RS_GCF_000420645.1,64001.0
RS_GCF_000733765.1,1266053.0
RS_GCF_003177035.1,180541.0
RS_GCF_002088235.1,1558474.0
RS_GCF_003151135.1,2320199.0
RS_GCF_004684205.1,2597258.0
RS_GCF_000384075.1,762296.0
RS_GCF_000496735.2,1410680.0
RS_GCF_900163745.1,200670.0
RS_GCF_000383855.1,429.0
RS_GCF_000733855.1,39773.0
RS_GCF_000372865.1,160800.0
RS_GCF_009828925.1,2713642.0
RS_GCF_001644045.1,416.0
RS_GCF_000733935.1,1221209.0
RS_GCF_002189065.1,1565313.0
RS_GCF_900155475.1,1760987.0
RS_GCF_000427385.1,73778.0
RS_GCF_000424685.1,413.0
RS_GCF_004168015.1,1918951.0
RS_GCF_009498235.1,1808977.0
RS_GCF_000934725.1,2045060.0
RS_GCF_001312345.1,1295378.0
RS_GCF_000421465.1,244364.0
RS_GCF_000384415.1,34067.0
RS_GCF_000156355.1,40222.0
RS_GCF_000143085.1,1227.0
RS_GCF_004001245.1,2034504.0
RS_GCF_900102855.1,397268.0
RS_GCF_004366735.1,445670.0
RS_GCF_900112605.1,476278.0
GB_GCA_001447805.1,1813600.0
RS_GCF_003967195.1,1860077.0
GB_GCA_001640045.1,90372.0
RS_GCF_001723685.1,1031282.0
RS_GCF_000828835.1,40751.0
RS_GCF_001305575.3,1021.0
RS_GCF_002149925.1,1930932.0
RS_GCF_001697225.1,1934947.0
RS_GCF_013385175.1,85072.0
RS_GCF_009664085.1,85073.0
RS_GCF_000585215.1,2018671.0
RS_GCF_010820565.1,57488.0
RS_GCF_000227745.2,13724.0
RS_GCF_002958735.1,1047.0
RS_GCF_004342175.1,127457.0
RS_GCF_000223985.1,1056.0
RS_GCF_012276755.1,85076.0
RS_GCF_002813775.1,53392.0
RS_GCF_000379525.1,53452.0
RS_GCF_000327045.1,156885.0
RS_GCF_008632335.1,85079.0
GB_GCA_009908845.1,85074.0
RS_GCF_014145225.1,212111.0
RS_GCF_900092655.1,1907535.0
GB_GCA_001044195.1,44937.0
GB_GCA_000168735.1,393764.0
RS_GCF_000428045.1,349742.0
RS_GCF_000828615.1,1608298.0
RS_GCF_004339085.1,1617886.0
RS_GCF_003932505.1,1273155.0
RS_GCF_000531125.1,1400859.0
RS_GCF_012939995.1,221279.0
RS_GCF_003182095.1,1400827.0
RS_GCF_003337735.1,1511694.0
RS_GCF_003751635.1,1759371.0
RS_GCF_000377345.1,106633.0
RS_GCF_000225005.1,1051.0
RS_GCF_900156225.1,233099.0
RS_GCF_000227725.1,154346.0
RS_GCF_001753165.1,1765964.0
RS_GCF_900167255.1,2212691.0
RS_GCF_000380185.1,2212731.0
RS_GCF_900107695.1,1030.0
RS_GCF_003172895.1,45247.0
RS_GCF_004339015.1,998014.0
RS_GCF_002215215.1,437504.0
RS_GCF_001614315.2,1929135.0
RS_GCF_000384235.1,28884.0
RS_GCF_013282625.1,2039723.0
RS_GCF_000214825.1,933.0
RS_GCF_900141795.1,364031.0
RS_GCF_002252045.1,112008.0
RS_GCF_000375345.1,582472.0
RS_GCF_900460215.1,13275.0
RS_GCF_001263335.1,869.0
RS_GCF_001888055.1,1955421.0
RS_GCF_900637305.1,2717.0
RS_GCF_009734265.1,2035712.0
RS_GCF_000024765.1,109262.0
GB_GCA_002631715.1,2093740.0
RS_GCF_003315245.1,904708.0
RS_GCF_002355735.1,1744881.0
RS_GCF_002355415.1,1692042.0
RS_GCF_003333315.1,986106.0
RS_GCF_003347515.1,28065.0
RS_GCF_002379085.1,52972.0
RS_GCF_007677875.1,747294.0
RS_GCF_001432305.1,232523.0
RS_GCF_002754475.1,283.0
RS_GCF_000282995.1,1649468.0
RS_GCF_900103645.1,2038733.0
RS_GCF_003013695.1,2678886.0
RS_GCF_000204645.1,201096.0
RS_GCF_003755025.1,238749.0
RS_GCF_002797445.1,12916.0
RS_GCF_000193225.1,364316.0
RS_GCF_000739995.1,352449.0
RS_GCF_007655255.1,1434001.0
RS_GCF_009906855.1,54066.0
RS_GCF_000518645.1,281915.0
RS_GCF_014303735.1,34072.0
RS_GCF_900156165.1,433923.0
RS_GCF_000745855.1,151754.0
RS_GCF_013155545.1,174951.0
RS_GCF_003063475.1,665874.0
RS_GCF_013423955.1,219181.0
RS_GCF_000374625.1,28219.0
RS_GCF_004833285.1,198705.0
RS_GCF_003843835.1,1940136.0
RS_GCF_001761385.1,47420.0
RS_GCF_000828915.1,2490452.0
RS_GCF_013432195.1,360239.0
RS_GCF_002980595.1,263066.0
RS_GCF_002837135.1,183669.0
RS_GCF_007556595.1,114248.0
RS_GCF_001425705.1,335058.0
RS_GCF_004362405.1,683756.0
RS_GCF_001598255.1,65047.0
RS_GCF_014192155.1,93681.0
RS_GCF_004004565.1,644355.0
RS_GCF_004362525.1,318147.0
RS_GCF_013366375.1,212743.0
RS_GCF_004011805.1,1114981.0
RS_GCF_001295865.1,28067.0
RS_GCF_002222655.1,36862.0
RS_GCF_001571085.1,312063.0
RS_GCF_000969605.1,391952.0
RS_GCF_000768065.1,92793.0
RS_GCF_013410775.1,34102.0
RS_GCF_000019785.1,88.0
RS_GCF_000015725.1,316612.0
RS_GCF_004217215.1,1146865.0
RS_GCF_006386545.1,2682247.0
RS_GCF_000381125.1,196013.0
RS_GCF_002930615.1,1649514.0
RS_GCF_002933415.1,215579.0
RS_GCF_003991585.1,2709671.0
RS_GCF_000377645.1,32012.0
RS_GCF_000482785.1,203697.0
RS_GCF_009455685.1,1822464.0
RS_GCF_005280735.1,2571160.0
RS_GCF_000012945.1,32008.0
RS_GCF_001545035.1,1827195.0
RS_GCF_900155955.1,2571159.0
RS_GCF_003628125.1,2718863.0
RS_GCF_001684025.1,224135.0
RS_GCF_003966915.1,1810868.0
RS_GCF_000970345.1,2038280.0
RS_GCF_902459565.1,93217.0
RS_GCF_001659725.1,44013.0
RS_GCF_900101625.1,106589.0
RS_GCF_000620465.1,48736.0
RS_GCF_003416985.1,75654.0
RS_GCF_013284265.1,212744.0
RS_GCF_900116645.1,1522432.0
RS_GCF_000723165.1,29580.0
RS_GCF_900101265.1,149698.0
RS_GCF_002257565.1,963.0
RS_GCF_000221045.1,202907.0
RS_GCF_011947285.1,1229970.0
RS_GCF_903993245.1,303379.0
GB_GCA_014635845.1,223927.0
RS_GCF_010974945.1,1344552.0
RS_GCF_004114795.1,157932.0
RS_GCF_008831265.1,2705466.0
RS_GCF_014284365.1,401469.0
RS_GCF_002976435.1,2249306.0
RS_GCF_000158475.2,846.0
RS_GCF_003335215.1,2109346.0
RS_GCF_001571245.1,222.0
RS_GCF_900078335.1,517.0
RS_GCF_004216755.1,257820.0
RS_GCF_900089455.2,1921582.0
RS_GCF_013416435.1,1403714.0
RS_GCF_003096595.1,305976.0
RS_GCF_003315175.1,1477505.0
RS_GCF_004346225.1,1148163.0
RS_GCF_002209565.1,1074468.0
RS_GCF_004342005.1,2017546.0
RS_GCF_002443155.1,507.0
RS_GCF_011290505.1,1100891.0
RS_GCF_014203015.1,359336.0
RS_GCF_000373745.1,90243.0
RS_GCF_000621025.1,124224.0
RS_GCF_000743945.1,1472344.0
RS_GCF_013133795.1,106146.0
RS_GCF_000687755.1,29574.0
RS_GCF_000521505.1,290425.0
RS_GCF_003123725.1,2678534.0
RS_GCF_013408655.1,152267.0
RS_GCF_007558815.1,1835332.0
RS_GCF_013004065.1,131079.0
RS_GCF_004363775.1,1910924.0
GB_GCA_014652675.1,1911581.0
RS_GCF_003472385.1,1980697.0
RS_GCF_001182045.1,2494213.0
RS_GCF_000250875.1,40544.0
RS_GCF_000205025.1,577310.0
RS_GCF_002221595.1,1918598.0
RS_GCF_014202215.1,2041017.0
RS_GCF_003892345.1,47670.0
RS_GCF_009746125.1,2706000.0
RS_GCF_002354895.1,33057.0
RS_GCF_006496635.1,12960.0
RS_GCF_000349945.1,551759.0
RS_GCF_012927165.1,349.0
RS_GCF_007625155.1,139331.0
RS_GCF_000425565.1,203470.0
RS_GCF_003574215.1,70774.0
RS_GCF_000373965.1,392735.0
RS_GCF_013184235.1,1769726.0
RS_GCF_000372885.1,378210.0
RS_GCF_000828635.1,1054211.0
GB_GCA_002424865.1,1914449.0
RS_GCF_003865015.1,1499082.0
RS_GCF_007833355.1,311181.0
RS_GCF_900174485.1,157591.0
RS_GCF_009469615.1,146936.0
RS_GCF_000429665.1,146935.0
RS_GCF_004217225.1,146937.0
RS_GCF_008274805.1,1911577.0
RS_GCF_900089945.1,83766.0
RS_GCF_011881425.1,1064.0
RS_GCF_000735045.1,416212.0
RS_GCF_001618065.1,482.0
RS_GCF_014054525.1,194195.0
RS_GCF_002951835.1,71.0
RS_GCF_900111845.1,32257.0
RS_GCF_014054725.1,334107.0
RS_GCF_001648355.1,538.0
RS_GCF_002777855.1,1193515.0
RS_GCF_000745895.1,422440.0
RS_GCF_000382305.1,59.0
RS_GCF_000007705.1,535.0
RS_GCF_005155025.1,407217.0
RS_GCF_900090205.1,57739.0
RS_GCF_004346645.1,397456.0
RS_GCF_000174355.1,568394.0
RS_GCF_000422925.1,400060.0
RS_GCF_004345725.1,1654931.0
RS_GCF_000423285.1,168470.0
RS_GCF_000620105.1,57479.0
RS_GCF_000420525.1,187.0
RS_GCF_003201855.1,1649488.0
RS_GCF_013423785.1,230666.0
RS_GCF_000620145.1,400947.0
RS_GCF_003952345.1,32014.0
RS_GCF_000430805.1,551208.0
RS_GCF_000711875.1,397275.0
RS_GCF_001808185.1,885864.0
RS_GCF_005048205.1,585890.0
RS_GCF_008033135.1,1055692.0
RS_GCF_014202765.1,300264.0
RS_GCF_001294205.1,1433987.0
RS_GCF_900115065.1,83764.0
RS_GCF_002735695.1,240411.0
RS_GCF_014202905.1,1433992.0
RS_GCF_012641365.1,650341.0
RS_GCF_003046585.1,914.0
RS_GCF_003046405.1,35798.0
RS_GCF_000025705.1,314343.0
RS_GCF_013168275.1,453161.0
RS_GCF_000746095.1,1443590.0
RS_GCF_000145255.1,96.0
RS_GCF_000971475.1,935200.0
RS_GCF_011764585.1,2772198.0
RS_GCF_004346685.1,1738658.0
RS_GCF_009938015.1,1778653.0
RS_GCF_000012745.1,919.0
RS_GCF_003967275.1,1938335.0
RS_GCF_000799735.1,359407.0
RS_GCF_000378225.1,16.0
RS_GCF_003730115.1,2676063.0
RS_GCF_900187985.1,404.0
RS_GCF_009858335.1,81682.0
RS_GCF_006365315.1,1679002.0
RS_GCF_003112435.1,2137425.0
RS_GCF_000340905.1,33055.0
RS_GCF_000441555.1,1381133.0
RS_GCF_009662475.1,119977.0
RS_GCF_000423825.1,119979.0
RS_GCF_001399755.1,492233.0
RS_GCF_003665155.1,377315.0
RS_GCF_000744415.1,2045304.0
RS_GCF_002211285.1,379.0
RS_GCF_000731315.1,1525371.0
RS_GCF_902502825.1,1903858.0
RS_GCF_002008225.1,357.0
RS_GCF_014197145.1,2040486.0
RS_GCF_013283645.1,28105.0
RS_GCF_900469625.1,106591.0
RS_GCF_001426565.1,1612611.0
RS_GCF_003432075.1,323620.0
RS_GCF_900220975.1,13159.0
RS_GCF_005924265.1,293088.0
RS_GCF_001011155.1,274591.0
RS_GCF_004354915.1,1915405.0
RS_GCF_900537175.1,1649463.0
RS_GCF_002750855.1,2661800.0
RS_GCF_006442815.1,68287.0
RS_GCF_014138625.1,31988.0
RS_GCF_014534685.1,1763452.0
RS_GCF_003590645.1,93368.0
RS_GCF_902809845.1,449972.0
RS_GCF_000300515.1,245876.0
RS_GCF_000497755.1,610116.0
GB_GCA_014652875.1,1840210.0
GB_GCA_014652835.1,2769459.0
RS_GCF_002238045.1,2024982.0
RS_GCF_002727065.1,2282761.0
RS_GCF_000374465.1,152180.0
RS_GCF_003149475.2,1915401.0
RS_GCF_013358405.1,1594166.0
RS_GCF_001463765.1,414371.0
RS_GCF_010500815.1,1775688.0
RS_GCF_000153705.1,217510.0
RS_GCF_000421645.1,182269.0
RS_GCF_002893625.1,2269381.0
RS_GCF_900167365.1,2036017.0
RS_GCF_001953055.1,2712688.0
RS_GCF_003574655.1,655352.0
RS_GCF_011058215.1,46913.0
RS_GCF_014083885.1,1827478.0
RS_GCF_003994485.1,1911566.0
RS_GCF_003992665.1,1082930.0
RS_GCF_004363175.1,623276.0
RS_GCF_000429865.1,1121251.0
RS_GCF_900102695.1,643217.0
RS_GCF_001404515.1,150830.0
RS_GCF_000382365.1,227873.0
RS_GCF_000192745.1,991903.0
RS_GCF_001310815.1,258255.0
RS_GCF_000423705.1,152161.0
RS_GCF_003432385.1,1406135.0
RS_GCF_003258835.1,34016.0
RS_GCF_003258595.1,1904377.0
RS_GCF_000374525.1,580880.0
RS_GCF_900148505.1,433838.0
RS_GCF_000425185.1,261933.0
RS_GCF_013839525.1,2027874.0
RS_GCF_013839445.1,1926253.0
RS_GCF_004362745.1,1920508.0
RS_GCF_001720135.1,1775716.0
RS_GCF_900231165.1,1572860.0
RS_GCF_004328075.1,2610842.0
RS_GCF_900129325.1,166953.0
RS_GCF_014199915.1,81894.0
RS_GCF_900104485.1,1145345.0
RS_GCF_000372825.1,407.0
RS_GCF_903644085.1,2026349.0
RS_GCF_000262405.1,186650.0
RS_GCF_000429045.1,690086.0
RS_GCF_011762225.1,1654719.0
RS_GCF_003201475.1,28209.0
RS_GCF_004342915.1,1017183.0
RS_GCF_900108245.1,85413.0
RS_GCF_000188155.2,133.0
RS_GCF_009936375.1,425.0
RS_GCF_002937075.1,168658.0
RS_GCF_901905185.1,120652.0
RS_GCF_000019845.1,532.0
RS_GCF_000385335.1,1143004.0
RS_GCF_004135935.1,1156568.0
RS_GCF_004137085.1,2723776.0
RS_GCF_009765995.1,1643958.0
RS_GCF_003004785.1,1502180.0
RS_GCF_008641065.1,2717339.0
RS_GCF_003008515.1,1632780.0
RS_GCF_002982075.1,204476.0
RS_GCF_001440415.1,374.0
RS_GCF_003226555.1,1073.0
RS_GCF_007018905.1,1395974.0
RS_GCF_002028545.1,911.0
RS_GCF_000314675.2,1033.0
RS_GCF_003367195.1,556257.0
RS_GCF_002119765.1,1734920.0
RS_GCF_003258805.1,29407.0
RS_GCF_002355335.1,1649510.0
RS_GCF_004346185.1,45402.0
RS_GCF_000010525.1,6.0
RS_GCF_012275355.1,279.0
RS_GCF_900100155.1,99.0
RS_GCF_000092925.1,152053.0
RS_GCF_014195655.1,204473.0
RS_GCF_008630065.1,59282.0
RS_GCF_004310425.1,444599.0
RS_GCF_002897035.1,61653.0
GB_GCA_014635245.1,1364858.0
RS_GCF_004346195.1,747074.0
RS_GCF_000496075.1,1358438.0
RS_GCF_000384335.2,81.0
RS_GCF_900104305.1,119044.0
RS_GCF_001723305.1,1484898.0
RS_GCF_001708935.1,1485594.0
RS_GCF_000166055.1,1068.0
RS_GCF_003550175.1,204474.0
RS_GCF_003234965.1,2650923.0
RS_GCF_005502925.1,169055.0
GB_GCA_900149695.1,444432.0
RS_GCF_000746275.1,1495041.0
RS_GCF_007474605.1,987053.0
RS_GCF_011762095.1,256616.0
RS_GCF_000739695.1,1742977.0
RS_GCF_000469155.1,2175151.0
RS_GCF_000689395.1,1541445.0
RS_GCF_012848855.1,1742974.0
RS_GCF_000281955.1,75.0
RS_GCF_000017265.1,20.0
RS_GCF_011927945.1,41275.0
RS_GCF_003966695.1,76890.0
RS_GCF_000682695.1,85.0
RS_GCF_002088945.1,453849.0
RS_GCF_000420665.1,1123044.0
RS_GCF_000023785.1,2723.0
RS_GCF_004634425.1,2768684.0
RS_GCF_002105465.1,2052989.0
RS_GCF_003112735.1,1678397.0
RS_GCF_000152745.1,153232.0
RS_GCF_004793685.1,1649466.0
RS_GCF_000744995.1,1433402.0
RS_GCF_000382325.1,240236.0
RS_GCF_900103475.1,74317.0
RS_GCF_014323565.1,2004661.0
RS_GCF_000412185.1,1712422.0
GB_GCA_014652695.1,1246884.0
RS_GCF_003634015.1,1167830.0
RS_GCF_000428525.1,574559.0
RS_GCF_000365025.1,437506.0
RS_GCF_002943565.1,2174441.0
RS_GCF_900199215.1,1519373.0
RS_GCF_000152825.2,208215.0
RS_GCF_009712425.2,1795639.0
RS_GCF_013149165.1,1241326.0
RS_GCF_000715015.1,1041.0
RS_GCF_001281485.1,361177.0
RS_GCF_005434975.1,2800684.0
RS_GCF_000186705.1,2800680.0
RS_GCF_009827635.1,2800683.0
RS_GCF_009828025.1,1855416.0
RS_GCF_007065885.1,2800686.0
RS_GCF_009827515.1,2800685.0
RS_GCF_009827455.1,2792075.0
RS_GCF_001687545.1,2800682.0
RS_GCF_001010945.1,2800678.0
RS_GCF_003660445.1,2676755.0
RS_GCF_003958635.1,2800679.0
RS_GCF_001305965.1,2827482.0
RS_GCF_001590985.1,165696.0
RS_GCF_001634625.1,1295327.0
RS_GCF_014334095.1,2709686.0
RS_GCF_013371215.1,2709685.0
RS_GCF_003201955.1,150203.0
RS_GCF_002277025.1,165697.0
RS_GCF_000382885.1,165695.0
RS_GCF_014200045.1,1649487.0
RS_GCF_005518185.1,2676858.0
RS_GCF_903644135.1,13687.0
RS_GCF_900167915.1,1649486.0
RS_GCF_000218875.1,541.0
RS_GCF_013378055.1,1234545.0
RS_GCF_000620665.1,1227948.0
RS_GCF_011320075.1,2823232.0
RS_GCF_001890385.1,2685927.0
RS_GCF_002211145.1,1960290.0
RS_GCF_014199685.1,335405.0
RS_GCF_011927825.1,1508451.0
RS_GCF_009733735.1,362865.0
RS_GCF_006385875.1,56358.0
GB_GCA_005144965.1,1763827.0
RS_GCF_001550055.1,288021.0
RS_GCF_003688555.1,1434000.0
RS_GCF_000710935.1,2066486.0
RS_GCF_004341375.1,85273.0
RS_GCF_005849285.1,1602338.0
RS_GCF_012720095.1,510690.0
RS_GCF_900172325.1,1314700.0
RS_GCF_002924445.1,2493629.0
RS_GCF_007197755.1,1231242.0
RS_GCF_003590945.1,204446.0
RS_GCF_000427665.1,489140.0
RS_GCF_900187945.1,2066435.0
RS_GCF_000264455.2,171436.0
RS_GCF_000283655.1,191.0
RS_GCF_002251795.1,1543704.0
RS_GCF_003336875.1,2678887.0
RS_GCF_012913305.1,34023.0
RS_GCF_003568845.1,2478349.0
RS_GCF_007828035.1,1543705.0
RS_GCF_008843145.1,204447.0
RS_GCF_002195995.1,171673.0
GB_GCA_014643535.1,1914229.0
RS_GCF_006738645.1,93.0
RS_GCF_000963705.1,1091044.0
RS_GCF_000620685.1,1146845.0
RS_GCF_008728855.1,2705399.0
RS_GCF_000426505.1,390876.0
RS_GCF_000510265.1,1263978.0
RS_GCF_900102465.1,526215.0
RS_GCF_002148795.1,659693.0
RS_GCF_000374005.1,454159.0
RS_GCF_007004665.1,2752546.0
RS_GCF_011683915.1,643951.0
RS_GCF_014191775.1,1848396.0
RS_GCF_900177295.1,1321364.0
RS_GCF_000686045.1,1121829.0
RS_GCF_003344765.1,2661936.0
RS_GCF_000515255.1,85274.0
RS_GCF_900100655.1,1434015.0
RS_GCF_003385955.1,1647175.0
RS_GCF_004005845.1,2605940.0
RS_GCF_001650715.1,85265.0
RS_GCF_000513295.1,13134.0
RS_GCF_002845745.1,382513.0
RS_GCF_006980715.1,2748926.0
RS_GCF_009601025.1,69959.0
RS_GCF_000284415.1,1612157.0
RS_GCF_000013085.1,1081.0
RS_GCF_900100455.1,83400.0
RS_GCF_012102745.1,1804663.0
RS_GCF_014205675.1,660514.0
RS_GCF_900156605.1,660628.0
RS_GCF_900230255.1,414051.0
RS_GCF_000421265.1,168934.0
RS_GCF_900093605.1,196080.0
RS_GCF_001746755.1,1313115.0
RS_GCF_004341725.1,1866954.0
RS_GCF_000968135.1,1182780.0
GB_GCA_900609035.2,111830.0
RS_GCF_009547075.1,441.0
RS_GCF_006542355.1,1649499.0
RS_GCF_006542335.1,1223423.0
RS_GCF_014048465.1,1654741.0
RS_GCF_009834765.1,231052.0
RS_GCF_004843345.1,2791118.0
RS_GCF_003994335.1,91914.0
RS_GCF_007988945.1,209260.0
RS_GCF_001787335.1,153497.0
RS_GCF_002005465.1,320496.0
RS_GCF_004346035.1,34000.0
RS_GCF_000963885.1,444052.0
RS_GCF_013376175.1,442968.0
RS_GCF_014207635.1,434.0
RS_GCF_003207865.1,1434011.0
RS_GCF_014174375.1,89583.0
RS_GCF_000231445.1,1079922.0
RS_GCF_014192375.1,1649268.0
RS_GCF_002937115.1,1070.0
RS_GCF_000964365.1,50714.0
RS_GCF_008630155.1,504465.0
RS_GCF_000014285.2,364409.0
RS_GCF_014201825.1,50709.0
RS_GCF_902712915.1,522.0
RS_GCF_009765865.1,512381.0
RS_GCF_003352165.1,2603324.0
GB_GCA_000759655.1,368783.0
RS_GCF_000425365.1,35812.0
RS_GCF_004005855.1,268408.0
RS_GCF_000711725.1,125216.0
RS_GCF_003253705.1,1223303.0
RS_GCF_000802185.1,365532.0
RS_GCF_014283215.1,2044848.0
RS_GCF_004343615.1,77674.0
RS_GCF_004761865.1,1820341.0
GB_GCA_014644455.1,2041181.0
RS_GCF_000378465.1,457933.0
GB_GCA_014444615.1,1755817.0
RS_GCF_000312425.1,445219.0
RS_GCF_000226315.1,213485.0
RS_GCF_004210305.1,1777753.0
RS_GCF_000190415.1,84646.0
RS_GCF_000742835.1,1521255.0
GB_GCA_001898705.1,2100211.0
RS_GCF_001192655.1,2100210.0
RS_GCF_002117145.1,1509243.0
RS_GCF_000024465.1,767891.0
RS_GCF_000299095.1,198251.0
RS_GCF_002688585.1,2045213.0
RS_GCF_001679925.1,191028.0
RS_GCF_001681715.1,1649279.0
RS_GCF_001258055.1,302485.0
RS_GCF_000473205.1,1541822.0
RS_GCF_009753675.1,2738399.0
RS_GCF_001507595.1,97050.0
RS_GCF_900109035.1,1604279.0
RS_GCF_003217735.2,1931200.0
RS_GCF_009765275.1,2603319.0
RS_GCF_000429365.1,1649481.0
RS_GCF_900108275.1,1511750.0
RS_GCF_003116585.1,2821517.0
GB_GCA_014656415.1,481178.0
RS_GCF_000473225.1,1541818.0
RS_GCF_001262635.1,1608457.0
RS_GCF_013282155.1,60136.0
RS_GCF_000014045.1,2433.0
RS_GCF_900302465.1,1648492.0
RS_GCF_000814025.1,299261.0
RS_GCF_004803475.1,2603325.0
RS_GCF_002105285.1,1195766.0
RS_GCF_001205715.1,2211639.0
RS_GCF_900172365.1,74030.0
RS_GCF_000423645.1,659427.0
RS_GCF_900110425.1,1398404.0
RS_GCF_900537125.1,573139.0
RS_GCF_900129685.1,2211635.0
RS_GCF_008369105.1,2055850.0
RS_GCF_005434965.1,1914026.0
RS_GCF_900107355.1,1434014.0
RS_GCF_900142185.1,490828.0
RS_GCF_900182725.1,335927.0
RS_GCF_002210105.1,1679449.0
RS_GCF_002814095.1,58842.0
RS_GCF_002237555.1,74032.0
RS_GCF_900101505.1,1434019.0
RS_GCF_900184945.1,1817584.0
RS_GCF_004804335.1,1434029.0
RS_GCF_900176475.1,599653.0
RS_GCF_001482405.1,983507.0
RS_GCF_003054175.1,2823226.0
RS_GCF_900107235.1,608658.0
RS_GCF_000153725.1,263377.0
RS_GCF_009363255.1,93682.0
RS_GCF_900108225.1,436357.0
RS_GCF_900129875.1,659428.0
RS_GCF_900302505.1,2846763.0
RS_GCF_001038505.1,1608404.0
RS_GCF_900176485.1,1068904.0
RS_GCF_900109145.1,367771.0
RS_GCF_900111875.1,1158296.0
RS_GCF_013377555.1,393277.0
RS_GCF_900156505.1,2211641.0
RS_GCF_900109295.1,2211636.0
RS_GCF_900114485.1,245186.0
RS_GCF_002723615.1,2211638.0
RS_GCF_003217255.1,1813601.0
RS_GCF_900141735.1,653686.0
RS_GCF_004000435.1,2211637.0
RS_GCF_011806565.1,1759396.0
RS_GCF_001187845.1,53945.0
RS_GCF_003072065.1,2679899.0
RS_GCF_900172275.1,1686374.0
RS_GCF_000153305.1,252301.0
RS_GCF_000738435.1,1284657.0
RS_GCF_003054285.1,947567.0
RS_GCF_001049735.1,282198.0
RS_GCF_003050785.1,875170.0
RS_GCF_900109555.1,1042323.0
RS_GCF_900172375.1,1774278.0
RS_GCF_003544895.1,50056.0
RS_GCF_000812685.1,1579315.0
RS_GCF_900172235.1,311411.0
RS_GCF_000152805.1,404235.0
RS_GCF_900109955.1,1658781.0
RS_GCF_002079305.1,34008.0
RS_GCF_000671395.1,1433986.0
RS_GCF_000590925.1,336277.0
RS_GCF_004751985.1,2680018.0
RS_GCF_013155465.1,1775424.0
RS_GCF_001403735.1,188905.0
RS_GCF_001458315.1,266808.0
RS_GCF_000018145.1,309512.0
RS_GCF_009363795.1,315422.0
RS_GCF_009835145.1,1258570.0
RS_GCF_002869745.1,2047745.0
RS_GCF_900115595.1,1400062.0
RS_GCF_900184815.1,1648497.0
RS_GCF_003148765.1,1955420.0
RS_GCF_002119405.1,2661844.0
RS_GCF_005870025.1,2201383.0
RS_GCF_002797755.1,1855413.0
RS_GCF_001558155.1,599652.0
RS_GCF_006351965.1,2813041.0
RS_GCF_002504165.1,2846749.0
RS_GCF_003385555.1,2047740.0
RS_GCF_900156525.1,1400059.0
RS_GCF_006152115.1,295418.0
RS_GCF_002117445.1,92944.0
RS_GCF_003003095.1,1434008.0
RS_GCF_004522155.1,265.0
RS_GCF_000021865.1,1060.0
RS_GCF_000740785.1,1470577.0
RS_GCF_000714545.1,285107.0
RS_GCF_003993775.1,1775705.0
RS_GCF_900302475.1,205889.0
RS_GCF_003940805.1,1443919.0
RS_GCF_003290025.1,2663134.0
RS_GCF_900609055.1,2250589.0
RS_GCF_003034965.1,2818469.0
RS_GCF_001294535.1,2804673.0
RS_GCF_004959935.1,1434002.0
RS_GCF_003034985.1,1653176.0
RS_GCF_009380135.2,2820419.0
RS_GCF_005234135.1,238783.0
RS_GCF_008271655.1,204456.0
RS_GCF_002196855.1,366614.0
RS_GCF_002871005.1,2676790.0
RS_GCF_004010155.1,2661806.0
RS_GCF_001870675.1,121820.0
RS_GCF_001517585.1,1400060.0
RS_GCF_900107025.1,1209946.0
RS_GCF_001691415.1,1097465.0
RS_GCF_002967695.1,2680019.0
RS_GCF_900102905.1,2846747.0
RS_GCF_002742285.1,1617805.0
RS_GCF_011290545.1,2029873.0
RS_GCF_900302495.1,1844015.0
RS_GCF_014199445.1,2028104.0
RS_GCF_000374145.1,356797.0
RS_GCF_900107585.1,89523.0
RS_GCF_900106695.1,663242.0
RS_GCF_008124525.1,1233054.0
RS_GCF_005887635.2,2683599.0
RS_GCF_003258405.1,56999.0
RS_GCF_003265325.1,1844498.0
RS_GCF_000017405.1,528.0
RS_GCF_000007125.1,234.0
RS_GCF_003149535.1,1649292.0
RS_GCF_014205685.1,999488.0
RS_GCF_003314995.1,354349.0
RS_GCF_014189505.1,28100.0
RS_GCF_003335045.1,1759400.0
RS_GCF_900638635.1,773.0
GB_GCA_002005325.1,1902578.0
RS_GCF_000183665.1,34019.0
RS_GCF_004171285.1,953.0
RS_GCF_009728835.1,943.0
RS_GCF_000964795.1,467749.0
RS_GCF_000024505.1,768.0
RS_GCF_009856525.1,33993.0
GB_GCA_000512675.1,1442082.0
RS_GCF_000730245.1,1891672.0
RS_GCF_003953955.1,2491977.0
RS_GCF_000219355.1,411566.0
RS_GCF_003072485.1,1802983.0
RS_GCF_000008045.1,780.0
RS_GCF_900327275.1,69474.0
RS_GCF_000309075.1,1930933.0
RS_GCF_008189685.1,2601645.0
RS_GCF_003015145.1,2115980.0
GB_GCA_000970895.1,1699066.0
RS_GCF_008189285.1,2601574.0
RS_GCF_008189525.1,2601651.0
RS_GCF_007993655.1,2603321.0
RS_GCF_002930195.1,44747.0
RS_GCF_000742475.1,1274401.0
RS_GCF_004217665.1,2614439.0
RS_GCF_000014865.1,162171.0
RS_GCF_002109495.1,1472292.0
RS_GCF_004135735.1,39643.0
RS_GCF_001189295.1,50.0
GB_GCA_001312805.1,224459.0
RS_GCF_001931535.1,1649470.0
RS_GCF_005144585.1,55.0
RS_GCF_001263205.1,1524217.0
RS_GCF_001931505.1,1882917.0
RS_GCF_000737325.1,1055688.0
RS_GCF_000024805.1,162027.0
RS_GCF_002994615.1,215802.0
RS_GCF_000170895.1,191767.0
RS_GCF_002343915.1,53.0
RS_GCF_000331735.1,32.0
RS_GCF_003611695.1,83461.0
RS_GCF_900109545.1,40.0
RS_GCF_000737315.1,224455.0
RS_GCF_000335475.2,42.0
RS_GCF_002305855.1,44.0
RS_GCF_001027285.1,47.0
RS_GCF_003044305.1,1945896.0
RS_GCF_009659535.1,1470623.0
RS_GCF_001263175.1,1524214.0
RS_GCF_000022145.1,161492.0
RS_GCF_004005565.1,2653226.0
RS_GCF_003258315.1,1779136.0
RS_GCF_006517175.1,2766927.0
RS_GCF_000210915.2,1652133.0
RS_GCF_002872415.1,146784.0
RS_GCF_000525675.1,958.0
RS_GCF_000348725.1,2862745.0
RS_GCF_001748245.1,1553903.0
RS_GCF_900177345.1,1769746.0
RS_GCF_009792895.1,2024975.0
RS_GCF_009208585.1,2698753.0
RS_GCF_000189295.2,2035811.0
RS_GCF_000420485.1,2910985.0
RS_GCF_010470665.1,2794998.0
RS_GCF_900188225.1,2910983.0
RS_GCF_000422245.1,2582836.0
RS_GCF_000422545.1,2582840.0
RS_GCF_000519125.1,700595.0
RS_GCF_011927665.1,1433996.0
RS_GCF_900167065.1,2910986.0
RS_GCF_000245055.1,2910984.0
RS_GCF_013376455.1,2773294.0
RS_GCF_000429325.1,2905136.0
RS_GCF_004801255.1,872.0
RS_GCF_900155525.1,1981028.0
RS_GCF_000701705.1,35832.0
RS_GCF_000055945.1,41707.0
RS_GCF_013340305.1,1912771.0
RS_GCF_000482745.1,2909705.0
RS_GCF_000468495.1,2910978.0
RS_GCF_000717475.1,66848.0
RS_GCF_000174435.1,488937.0
RS_GCF_000686525.1,53244.0
RS_GCF_900104045.1,206664.0
RS_GCF_900114115.1,898.0
RS_GCF_001748225.1,1634037.0
RS_GCF_000620765.1,339721.0
RS_GCF_001311565.1,224474.0
RS_GCF_000024325.1,45662.0
RS_GCF_005116645.1,40413.0
RS_GCF_000025945.1,109168.0
RS_GCF_010646885.1,429014.0
RS_GCF_014201505.1,1654934.0
RS_GCF_000341395.1,53318.0
RS_GCF_900130015.1,51194.0
RS_GCF_000186885.1,893.0
GB_GCA_011391865.1,1859129.0
GB_GCA_011389815.1,1859128.0
RS_GCF_000092205.1,427922.0
RS_GCF_000423845.1,1740.0
RS_GCF_001548275.1,444090.0
RS_GCF_001652585.1,1522431.0
RS_GCF_001642325.1,241192.0
RS_GCF_011207455.1,2033601.0
RS_GCF_001687335.1,1433998.0
RS_GCF_012979235.1,1840207.0
RS_GCF_000350545.1,115780.0
RS_GCF_000420085.1,53328.0
RS_GCF_013389365.1,2289.0
RS_GCF_000307105.1,28222.0
RS_GCF_900170035.1,1246635.0
RS_GCF_900699765.1,497721.0
RS_GCF_006175995.1,48001.0
RS_GCF_000426225.1,153027.0
RS_GCF_013761005.1,377149.0
RS_GCF_000018405.1,2904716.0
RS_GCF_009689005.1,2299.0
RS_GCF_001293685.1,1303912.0
RS_GCF_003851005.1,45654.0
RS_GCF_001854245.1,896.0
RS_GCF_000429925.1,497742.0
GB_GCA_002753725.1,1141978.0
RS_GCF_900142135.1,218207.0
RS_GCF_000422285.1,1549126.0
RS_GCF_000014965.1,29526.0
GB_GCA_007244385.1,39840.0
RS_GCF_900129305.1,35836.0
RS_GCF_003751385.1,1148150.0
RS_GCF_005377625.1,361106.0
RS_GCF_900114975.1,88358.0
RS_GCF_000195295.1,60892.0
GB_GCA_013374135.1,1705729.0
RS_GCF_000143965.1,453229.0
RS_GCF_001184205.1,1535192.0
RS_GCF_000931935.2,1775574.0
RS_GCF_001577525.1,1902583.0
RS_GCF_000266945.1,2357.0
GB_GCA_003139775.1,182623.0
RS_GCF_900109885.1,43773.0
RS_GCF_000023645.1,2651583.0
RS_GCF_000016745.1,2910589.0
RS_GCF_000817955.1,28231.0
RS_GCF_000020385.1,115782.0
RS_GCF_000012885.1,2812025.0
RS_GCF_900107645.1,37817.0
RS_GCF_900142125.1,57039.0
RS_GCF_000384395.1,271087.0
RS_GCF_000167355.1,890.0
RS_GCF_008124615.1,213223.0
RS_GCF_000820505.1,392332.0
RS_GCF_000526155.1,1125862.0
RS_GCF_012184425.1,2758103.0
RS_GCF_900302705.1,2093225.0
RS_GCF_000423865.1,28261.0
RS_GCF_000714715.1,40118.0
RS_GCF_003044035.1,1170227.0
GB_GCA_000739535.1,1940407.0
GB_GCA_000739515.1,1940406.0
RS_GCF_000341545.2,35800.0
RS_GCF_900079095.1,93171.0
RS_GCF_001449115.1,1768185.0
RS_GCF_004123295.1,1775468.0
RS_GCF_000022565.1,33973.0
RS_GCF_004339725.1,1000999.0
RS_GCF_003330725.1,2608728.0
RS_GCF_000381605.1,388463.0
RS_GCF_900108185.1,1078860.0
RS_GCF_900102185.1,392733.0
RS_GCF_900290255.1,2136116.0
RS_GCF_000014005.1,658061.0
RS_GCF_000014905.1,332162.0
RS_GCF_900290315.1,2136118.0
RS_GCF_000702445.1,911113.0
RS_GCF_000820845.2,1562565.0
RS_GCF_000226295.1,458032.0
RS_GCF_001618865.1,2004797.0
GB_GCA_003426165.1,2508983.0
GB_GCA_000493965.1,1432324.0
RS_GCF_000687145.1,1434048.0
RS_GCF_000428885.1,44675.0
RS_GCF_000242615.2,35838.0
RS_GCF_013372145.1,194.0
RS_GCF_001548055.1,57665.0
RS_GCF_004214795.1,2321111.0
RS_GCF_003667345.1,2321187.0
RS_GCF_003346815.1,2321115.0
RS_GCF_003544935.1,2321114.0
RS_GCF_004116465.1,28196.0
RS_GCF_000296775.1,265570.0
RS_GCF_000186245.1,269260.0
RS_GCF_900115615.1,223785.0
RS_GCF_900176045.1,269258.0
RS_GCF_000445475.1,202746.0
RS_GCF_000183725.1,286130.0
GB_GCA_000276965.1,936.0
RS_GCF_000259255.1,209.0
RS_GCF_000196135.1,843.0
RS_GCF_004006315.1,191291.0
RS_GCF_002335445.1,267989.0
RS_GCF_005843985.1,191301.0
RS_GCF_000420385.1,84404.0
RS_GCF_000517565.1,33001.0
RS_GCF_000025605.1,75905.0
RS_GCF_000010785.1,939.0
RS_GCF_000008625.1,2713.0
RS_GCF_003664005.1,246263.0
RS_GCF_000020785.1,168657.0
RS_GCF_000703045.1,182899.0
RS_GCF_003688665.1,133269.0
RS_GCF_000173615.1,212790.0
RS_GCF_003633715.1,171868.0
RS_GCF_900182585.1,223787.0
RS_GCF_004339575.1,1079057.0
RS_GCF_000191045.1,64159.0
RS_GCF_000025725.1,117999.0
RS_GCF_004339245.1,1649493.0
RS_GCF_004087915.1,46200.0
RS_GCF_000183405.1,545865.0
RS_GCF_000218625.1,2351.0
RS_GCF_000010985.1,53572.0
RS_GCF_000487995.1,248038.0
RS_GCF_000177635.2,393029.0
RS_GCF_014203025.1,1007342.0
RS_GCF_000469585.1,118004.0
RS_GCF_001547735.1,412592.0
RS_GCF_000512235.1,513557.0
GB_GCA_008534395.1,2597222.0
GB_GCA_004195025.1,2597221.0
RS_GCF_000513475.1,1551504.0
GB_GCA_000385635.1,1763546.0
RS_GCF_000284315.1,179.0
RS_GCF_000382385.1,838.0
RS_GCF_900752815.1,1926672.0
RS_GCF_000159995.1,1283313.0
RS_GCF_000205165.1,577309.0
RS_GCF_002998435.1,816.0
RS_GCF_000374585.1,909656.0
RS_GCF_900760855.1,2518497.0
GB_GCA_001941205.1,2510710.0
RS_GCF_004803915.1,2518495.0
RS_GCF_004801635.1,1918540.0
RS_GCF_009676955.1,2815786.0
RS_GCF_002161555.1,397864.0
RS_GCF_000473955.1,1348911.0
RS_GCF_000380985.1,294702.0
RS_GCF_001282625.1,1784836.0
RS_GCF_900095795.1,307628.0
RS_GCF_001261715.1,156973.0
GB_GCA_001417715.1,467084.0
RS_GCF_000156495.1,375288.0
RS_GCF_900178525.1,2034765.0
RS_GCF_001006485.1,195950.0
RS_GCF_013409575.1,1159323.0
RS_GCF_000614585.1,836.0
RS_GCF_000183135.1,346096.0
RS_GCF_001618385.1,1548510.0
RS_GCF_000974365.1,1236988.0
RS_GCF_000517065.1,286729.0
RS_GCF_004345615.1,1434024.0
RS_GCF_000259075.1,59738.0
RS_GCF_000191885.1,177399.0
RS_GCF_900112795.1,1434049.0
RS_GCF_001659685.2,1618113.0
RS_GCF_003254275.1,2762384.0
RS_GCF_007097485.1,1628153.0
RS_GCF_010448835.1,1471399.0
RS_GCF_003573545.1,1573806.0
RS_GCF_900141875.1,1649501.0
RS_GCF_010882175.1,1573808.0
RS_GCF_001270965.1,1254401.0
RS_GCF_005217565.1,2705385.0
RS_GCF_009617875.1,314318.0
RS_GCF_003991565.1,574697.0
GB_GCA_001487125.1,1911312.0
RS_GCF_000190535.1,283168.0
RS_GCF_003096835.1,1903336.0
RS_GCF_003610555.1,866673.0
RS_GCF_002843385.1,2060722.0
RS_GCF_004122035.1,1970195.0
RS_GCF_001443605.1,1970191.0
RS_GCF_006542665.1,239759.0
GB_GCA_009783565.1,1929083.0
RS_GCF_000427365.1,28138.0
RS_GCF_000723505.1,1611681.0
RS_GCF_004340205.1,1647173.0
RS_GCF_900096565.1,2038697.0
RS_GCF_013265555.1,2760873.0
RS_GCF_001192835.1,1840214.0
RS_GCF_900141715.1,1476424.0
RS_GCF_009796825.1,261827.0
RS_GCF_900114265.1,369400.0
RS_GCF_006974145.1,2049301.0
RS_GCF_012910715.1,1209327.0
RS_GCF_014270105.1,762551.0
RS_GCF_008056315.1,1649495.0
RS_GCF_003258355.1,1763531.0
RS_GCF_011762485.1,288018.0
RS_GCF_004341235.1,527198.0
RS_GCF_000941055.1,1204360.0
RS_GCF_014596935.1,1386924.0
RS_GCF_000425645.1,311207.0
RS_GCF_001439665.1,225842.0
RS_GCF_003663945.1,291183.0
RS_GCF_008086175.1,283785.0
RS_GCF_000518485.1,336276.0
RS_GCF_000422365.1,444051.0
RS_GCF_003008425.1,2715929.0
RS_GCF_003337215.1,2045416.0
RS_GCF_003144015.1,1868329.0
RS_GCF_000733475.1,1211036.0
RS_GCF_002895005.1,1707752.0
GB_GCA_012931685.1,2125981.0
RS_GCF_003387355.1,286104.0
RS_GCF_004115975.1,49279.0
GB_GCA_014641635.1,2034843.0
RS_GCF_004366715.1,1197472.0
RS_GCF_900104785.1,49277.0
RS_GCF_007997225.1,291178.0
RS_GCF_003610635.1,1775694.0
RS_GCF_003054265.1,221065.0
RS_GCF_010671565.1,1775471.0
RS_GCF_000745315.1,143222.0
RS_GCF_000023465.1,417127.0
RS_GCF_001951155.1,292691.0
RS_GCF_003634585.1,244698.0
RS_GCF_006159205.1,2058174.0
RS_GCF_012038135.1,561367.0
RS_GCF_004010055.1,83612.0
RS_GCF_008692195.1,232115.0
RS_GCF_000196315.1,216431.0
RS_GCF_900312815.1,290174.0
RS_GCF_003413745.1,387658.0
RS_GCF_003353425.1,1862153.0
RS_GCF_001637325.1,2740719.0
RS_GCF_900102055.1,237444.0
RS_GCF_014295415.1,1535231.0
RS_GCF_002163875.1,379070.0
RS_GCF_002943755.1,1176327.0
RS_GCF_001641085.1,153265.0
GB_GCA_002842575.1,1810932.0
RS_GCF_004104055.1,283735.0
RS_GCF_000212355.1,326319.0
RS_GCF_002954355.1,363408.0
RS_GCF_004364165.1,252356.0
RS_GCF_900156625.1,112040.0
RS_GCF_900141855.1,633413.0
RS_GCF_003687485.1,1287916.0
RS_GCF_900101815.1,1434034.0
RS_GCF_003626755.1,2665910.0
RS_GCF_900103215.1,574892.0
RS_GCF_013402795.1,343334.0
RS_GCF_000429545.1,178469.0
RS_GCF_002813425.1,104264.0
RS_GCF_001430825.1,389486.0
RS_GCF_011927795.1,2029851.0
RS_GCF_010671595.1,762641.0
RS_GCF_004362865.1,561554.0
RS_GCF_000382125.1,446680.0
RS_GCF_000745185.1,111500.0
RS_GCF_014235875.1,2039220.0
RS_GCF_001306415.1,574891.0
RS_GCF_000024125.1,252306.0
RS_GCF_002954325.1,1433989.0
RS_GCF_009684755.1,1016.0
RS_GCF_000260835.1,1165076.0
RS_GCF_900116665.1,1649485.0
RS_GCF_900119185.1,1434045.0
RS_GCF_000260115.1,453850.0
RS_GCF_000300875.1,379068.0
RS_GCF_004799345.1,1649489.0
RS_GCF_900116365.1,561555.0
RS_GCF_010671605.1,472054.0
RS_GCF_002836475.1,237.0
RS_GCF_013874595.1,76831.0
RS_GCF_007997085.1,52959.0
RS_GCF_900239345.1,104267.0
RS_GCF_001697185.1,1518147.0
RS_GCF_000220525.1,1916646.0
RS_GCF_009193215.1,1644102.0
RS_GCF_012524075.1,358023.0
RS_GCF_001761325.1,2700084.0
RS_GCF_003449015.1,2706948.0
RS_GCF_002369955.1,1755829.0
RS_GCF_900129245.1,59732.0
RS_GCF_003610695.1,2782229.0
RS_GCF_011058315.1,944321.0
RS_GCF_000735695.2,2782231.0
RS_GCF_003860565.1,501783.0
RS_GCF_003852705.1,2715289.0
RS_GCF_000301075.1,59735.0
RS_GCF_900141665.1,1433995.0
RS_GCF_009663465.1,34084.0
RS_GCF_006088815.1,308865.0
RS_GCF_007845635.1,1778601.0
RS_GCF_000382425.1,59734.0
RS_GCF_900142565.1,1572663.0
RS_GCF_900115015.1,1762932.0
RS_GCF_000751595.1,1013.0
RS_GCF_900089075.1,1935184.0
RS_GCF_014042165.1,1572763.0
RS_GCF_900538215.1,28250.0
RS_GCF_000334405.1,34098.0
RS_GCF_000829155.1,2716471.0
RS_GCF_000331975.1,670955.0
RS_GCF_008933165.1,1577779.0
RS_GCF_000236705.1,267986.0
RS_GCF_003337435.1,1333716.0
RS_GCF_003851885.1,2681566.0
RS_GCF_007558725.1,332102.0
RS_GCF_003402975.1,200473.0
RS_GCF_900116425.1,559293.0
RS_GCF_001661595.2,246873.0
RS_GCF_003234935.1,2772525.0
RS_GCF_007995015.1,1649465.0
RS_GCF_010686655.1,246876.0
RS_GCF_008806325.1,444513.0
RS_GCF_007993035.1,2058169.0
RS_GCF_900100705.1,84567.0
RS_GCF_003609575.1,1903173.0
RS_GCF_011089895.1,423349.0
RS_GCF_003130405.1,2703944.0
RS_GCF_003002875.1,1288026.0
RS_GCF_900103545.1,2762385.0
RS_GCF_004208525.1,28453.0
RS_GCF_900112315.1,416949.0
RS_GCF_014334135.1,407021.0
RS_GCF_000427965.1,376469.0
RS_GCF_004339765.1,2762352.0
RS_GCF_000242635.2,929509.0
RS_GCF_008033235.1,1773450.0
RS_GCF_000511175.1,504481.0
RS_GCF_003254115.1,1004300.0
RS_GCF_007971225.1,1874621.0
RS_GCF_900115755.1,1649476.0
RS_GCF_900107765.1,1769012.0
RS_GCF_005233845.1,2675671.0
RS_GCF_003097095.1,649460.0
RS_GCF_003412455.1,2680022.0
RS_GCF_004354985.1,460073.0
RS_GCF_004366355.1,1795363.0
RS_GCF_001654455.1,379899.0
RS_GCF_000425585.1,296051.0
RS_GCF_900129295.1,398041.0
RS_GCF_001953305.1,1648511.0
RS_GCF_003332885.2,2678539.0
RS_GCF_004337505.1,1789690.0
RS_GCF_004834005.1,354354.0
RS_GCF_003555545.1,2698688.0
RS_GCF_003991355.1,1860196.0
RS_GCF_003991195.1,2590666.0
GB_GCA_002413325.1,2045098.0
RS_GCF_000814475.1,1004301.0
RS_GCF_014168535.1,649461.0
GB_GCA_014377385.1,1004303.0
RS_GCF_008386695.1,79328.0
RS_GCF_002797735.1,1649506.0
RS_GCF_003236175.1,2307285.0
RS_GCF_003545695.1,2601681.0
RS_GCF_000379805.1,70994.0
RS_GCF_007993045.1,1564515.0
RS_GCF_002646595.1,2762562.0
RS_GCF_000212735.1,2349.0
RS_GCF_000250635.1,1007.0
RS_GCF_000724545.1,365032.0
RS_GCF_900230225.1,107.0
RS_GCF_000296815.2,861913.0
RS_GCF_009184635.1,451373.0
RS_GCF_000331105.1,861914.0
RS_GCF_001870735.1,1914260.0
RS_GCF_003334855.1,332157.0
RS_GCF_003014695.1,120831.0
RS_GCF_009296315.1,442431.0
RS_GCF_004348825.1,2679998.0
RS_GCF_014202275.1,1747773.0
RS_GCF_000218895.1,105.0
RS_GCF_011250515.1,2676247.0
RS_GCF_003148625.1,217140.0
RS_GCF_002270355.1,101.0
RS_GCF_900115665.1,1664383.0
RS_GCF_900103285.1,700450.0
RS_GCF_009905725.1,319458.0
RS_GCF_001306455.1,2031119.0
RS_GCF_003258705.1,2173039.0
RS_GCF_003418935.1,312278.0
RS_GCF_013256425.1,89966.0
RS_GCF_005771675.1,1951300.0
RS_GCF_009931655.1,323449.0
RS_GCF_008017455.1,2710873.0
RS_GCF_001310085.1,1379908.0
RS_GCF_009913235.1,1649474.0
RS_GCF_014075995.1,299566.0
RS_GCF_900100765.1,1522128.0
RS_GCF_900112255.1,992.0
RS_GCF_000426725.1,1011.0
RS_GCF_000014145.1,978.0
RS_GCF_000430505.1,1937963.0
RS_GCF_000169175.1,1023.0
RS_GCF_000426825.1,28194.0
RS_GCF_002843425.1,2071614.0
RS_GCF_900113045.1,1938003.0
RS_GCF_000265505.1,1937972.0
RS_GCF_000422585.1,1937999.0
RS_GCF_012641475.1,59739.0
RS_GCF_003149185.1,379074.0
RS_GCF_000379765.1,70992.0
RS_GCF_001593605.1,246875.0
RS_GCF_003014575.1,1187078.0
RS_GCF_003316845.1,280472.0
RS_GCF_000330725.2,1245590.0
RS_GCF_003003005.1,1769735.0
RS_GCF_000295935.2,647744.0
GB_GCA_014652135.1,1511649.0
RS_GCF_000265405.1,232244.0
RS_GCF_000381545.1,336827.0
RS_GCF_000265075.1,1187887.0
RS_GCF_014280965.1,390846.0
RS_GCF_000714815.1,1494913.0
RS_GCF_007483685.1,1237104.0
RS_GCF_010119225.1,68288.0
RS_GCF_000390185.1,1774589.0
RS_GCF_003347495.1,1822461.0
RS_GCF_001274635.1,59740.0
RS_GCF_900111145.1,290180.0
RS_GCF_900167975.1,1210119.0
RS_GCF_003589925.1,1433993.0
RS_GCF_003990915.1,2682476.0
RS_GCF_000331535.1,396811.0
RS_GCF_003386095.1,643701.0
RS_GCF_900188325.1,447678.0
RS_GCF_003171675.1,156993.0
RS_GCF_902498805.1,1649461.0
RS_GCF_000183425.1,869806.0
RS_GCF_000597885.1,1133570.0
RS_GCF_000346615.1,1265689.0
RS_GCF_003351905.1,273135.0
RS_GCF_000020565.1,281119.0
RS_GCF_001715195.1,1974209.0
RS_GCF_000375465.1,455358.0
RS_GCF_900182705.1,649462.0
RS_GCF_002287075.1,1397106.0
RS_GCF_900182555.1,1397107.0
RS_GCF_003353065.1,2489367.0
RS_GCF_002894645.1,146918.0
RS_GCF_002954405.1,1853226.0
RS_GCF_002554795.1,1855405.0
RS_GCF_000419585.1,689697.0
RS_GCF_002554705.1,1829937.0
RS_GCF_000024845.1,29548.0
RS_GCF_002283555.1,1434037.0
RS_GCF_002257665.1,907202.0
RS_GCF_011601315.1,1091.0
RS_GCF_001747405.1,256319.0
RS_GCF_000020625.1,1101.0
GB_GCA_002763895.1,1868323.0
RS_GCF_000020525.1,100715.0
RS_GCF_000258405.1,795750.0
RS_GCF_000279145.1,1134403.0
RS_GCF_001536065.1,1855365.0
GB_GCA_001899175.1,1662329.0
RS_GCF_001886815.1,187144.0
RS_GCF_000695095.2,173479.0
RS_GCF_000522985.1,1706036.0
RS_GCF_014202995.1,1804994.0
GB_GCA_000403035.1,1432311.0
RS_GCF_902767785.1,832.0
GB_GCA_009777135.1,1812918.0
GB_GCA_001045525.1,1860139.0
RS_GCF_000474745.1,1505231.0
RS_GCF_004353895.1,2593013.0
RS_GCF_000146065.2,456826.0
GB_GCA_003646025.1,2044589.0
GB_GCA_013138965.1,1870822.0
GB_GCA_001618605.1,2152900.0
GB_GCA_008086245.1,2703814.0
RS_GCF_900141815.1,361050.0
RS_GCF_000739615.1,574899.0
RS_GCF_002885095.1,239934.0
RS_GCF_004364345.1,48463.0
RS_GCF_000172155.1,2735.0
RS_GCF_011044495.1,1348508.0
RS_GCF_005780165.1,2717700.0
RS_GCF_000173075.1,295577.0
RS_GCF_001613545.1,1649503.0
RS_GCF_001318295.1,134550.0
RS_GCF_004421255.1,511745.0
RS_GCF_000379365.1,1541670.0
RS_GCF_000172555.1,1032526.0
RS_GCF_011044775.1,1775685.0
RS_GCF_000019965.1,178440.0
RS_GCF_001580045.1,1849551.0
RS_GCF_000242935.2,1148783.0
RS_GCF_007559335.1,2706524.0
RS_GCF_003096195.1,2028344.0
RS_GCF_002310495.1,2576890.0
RS_GCF_900104925.1,1961799.0
GB_GCA_903885525.1,2055839.0
RS_GCF_014230145.1,455433.0
GB_GCA_003226295.1,2480624.0
RS_GCF_014230055.1,388745.0
RS_GCF_000025905.1,442430.0
RS_GCF_014230085.1,2175957.0
GB_GCA_014651635.1,468938.0
RS_GCF_900890705.1,2750657.0
RS_GCF_001017655.1,1921784.0
RS_GCF_900761715.1,172900.0
RS_GCF_000170755.1,256846.0
RS_GCF_011087585.1,112987.0
RS_GCF_000011565.2,282132.0
GB_GCA_000756735.1,1851152.0
RS_GCF_000875975.1,83551.0
RS_GCF_000092785.1,71666.0
RS_GCF_000750955.1,340070.0
RS_GCF_900000175.1,483422.0
RS_GCF_000009945.1,810.0
RS_GCF_901000775.1,292833.0
RS_GCF_000237205.1,34093.0
RS_GCF_003339615.1,1348235.0
RS_GCF_007741535.1,1579505.0
RS_GCF_014192335.1,265488.0
RS_GCF_007860215.1,2714592.0
RS_GCF_008065135.1,1579506.0
RS_GCF_008087665.1,2005380.0
RS_GCF_000025185.1,123.0
GB_GCA_012515235.1,1441942.0
RS_GCF_007748115.1,2714594.0
RS_GCF_007859755.1,265487.0
RS_GCF_007746075.1,2691417.0
RS_GCF_007860015.1,1400386.0
RS_GCF_002277955.1,1676125.0
RS_GCF_001983935.1,204225.0
RS_GCF_013036045.1,2714737.0
RS_GCF_007744075.1,1649453.0
RS_GCF_900113665.1,1779141.0
RS_GCF_000165715.2,1649490.0
RS_GCF_000255655.1,656899.0
RS_GCF_001707835.1,1649480.0
RS_GCF_901538265.1,113.0
RS_GCF_002197845.1,1914234.0
RS_GCF_008254045.1,2731450.0
RS_GCF_000255705.1,600332.0
RS_GCF_901538355.1,2051044.0
RS_GCF_011065895.1,1763521.0
RS_GCF_008087625.1,1511635.0
RS_GCF_000242455.2,466152.0
RS_GCF_007752535.1,2680020.0
RS_GCF_000186345.1,127.0
RS_GCF_000284115.1,666508.0
RS_GCF_014207595.1,1472699.0
RS_GCF_002007645.1,2690159.0
RS_GCF_002117005.1,2483368.0
RS_GCF_001999965.1,2690160.0
RS_GCF_000949635.1,380240.0
RS_GCF_000296795.1,360731.0
RS_GCF_900232105.1,380738.0
RS_GCF_002443295.1,236756.0
GB_GCA_000493945.1,1462415.0
GB_GCA_003290465.1,2315418.0
RS_GCF_000020145.1,423604.0
RS_GCF_001027545.1,1408194.0
GB_GCA_000402295.1,1462351.0
RS_GCF_004102945.1,1930592.0
RS_GCF_000410535.2,157.0
RS_GCF_009768935.1,1937016.0
RS_GCF_000373545.1,2024958.0
RS_GCF_000507245.1,1616789.0
RS_GCF_000143985.1,1911556.0
RS_GCF_002087085.1,1911565.0
RS_GCF_003429665.1,399320.0
RS_GCF_008329965.1,2035349.0
RS_GCF_000222305.1,64895.0
RS_GCF_000500065.1,138.0
GB_GCA_012797605.1,568400.0
RS_GCF_000325665.1,29521.0
RS_GCF_900112165.1,34096.0
RS_GCF_003545885.1,171.0
RS_GCF_000243335.1,32205.0
RS_GCF_000266885.1,338321.0
RS_GCF_000158275.2,848.0
RS_GCF_014250685.1,180162.0
RS_GCF_000165505.1,167639.0
RS_GCF_003391055.1,623282.0
RS_GCF_004365575.1,1940855.0
RS_GCF_000469385.1,32067.0
RS_GCF_007990505.1,2755140.0
RS_GCF_000024565.1,34104.0
RS_GCF_000973085.1,168808.0
RS_GCF_902505095.1,1824856.0
RS_GCF_001517835.1,1792239.0
RS_GCF_000024405.1,32068.0
GB_GCA_003327425.1,2419833.0
GB_GCA_001872265.1,1432328.0
RS_GCF_010202265.1,1331051.0
GB_GCA_001872575.1,1803399.0
RS_GCF_009936135.1,2715734.0
RS_GCF_000217815.1,1643951.0
RS_GCF_000784835.1,2335.0
RS_GCF_001644665.1,2422.0
RS_GCF_003351105.1,2420.0
RS_GCF_000018605.1,28236.0
RS_GCF_000953715.1,1511648.0
RS_GCF_003148465.1,1255275.0
RS_GCF_900102615.1,28233.0
RS_GCF_900129175.1,160798.0
RS_GCF_002752635.1,1184396.0
RS_GCF_000023325.1,651456.0
RS_GCF_009936215.1,1769718.0
RS_GCF_000745455.1,1495038.0
RS_GCF_900465355.1,2250122.0
RS_GCF_000284335.1,693074.0
RS_GCF_003570935.1,2498709.0
RS_GCF_000020945.1,68335.0
RS_GCF_003057965.1,227388.0
GB_GCA_000494225.1,1454777.0
RS_GCF_000021645.1,13.0
RS_GCF_004366815.1,1427172.0
RS_GCF_003860125.1,1434006.0
RS_GCF_000025885.1,81466.0
RS_GCF_000177335.1,638847.0
RS_GCF_000237805.1,428711.0
RS_GCF_000172975.1,47054.0
RS_GCF_001701045.1,508459.0
RS_GCF_000712295.1,2753.0
RS_GCF_000237825.1,81461.0
RS_GCF_000165795.1,81411.0
RS_GCF_000526375.1,290731.0
RS_GCF_000233775.1,336260.0
RS_GCF_000160455.2,49894.0
RS_GCF_000007925.1,1218.0
RS_GCF_002252705.1,2170427.0
RS_GCF_000316515.1,167375.0
RS_GCF_001904715.1,1177.0
RS_GCF_013393945.1,264688.0
RS_GCF_000316625.1,110103.0
RS_GCF_000340565.2,159191.0
RS_GCF_003367075.1,244599.0
RS_GCF_002368075.1,752201.0
RS_GCF_009712035.1,748770.0
RS_GCF_002934005.1,882045.0
RS_GCF_000317535.1,56106.0
RS_GCF_002368175.1,212347.0
RS_GCF_000332295.1,1049006.0
RS_GCF_000582685.1,482629.0
RS_GCF_012912135.1,383614.0
RS_GCF_000315565.1,221282.0
RS_GCF_002368315.1,1190.0
RS_GCF_000317285.1,1123.0
RS_GCF_002368395.1,1186.0
RS_GCF_000316665.1,373984.0
RS_GCF_001456025.1,996924.0
RS_GCF_000350105.1,98443.0
RS_GCF_003003885.1,1827277.0
RS_GCF_000317125.1,54298.0
RS_GCF_002939305.1,329162.0
RS_GCF_000317145.1,217161.0
RS_GCF_003003775.1,53402.0
RS_GCF_000317495.1,241421.0
RS_GCF_008974145.1,1125.0
RS_GCF_000147335.1,28070.0
RS_GCF_002172675.1,263510.0
RS_GCF_000025125.1,1453359.0
RS_GCF_000021805.1,2546365.0
RS_GCF_000478825.2,1142.0
GB_GCA_003249095.1,283821.0
RS_GCF_001904635.1,1616833.0
RS_GCF_001548095.1,669357.0
GB_GCA_003566215.1,102234.0
RS_GCF_001693255.1,132605.0
RS_GCF_000332035.1,102231.0
RS_GCF_003003995.1,44474.0
RS_GCF_000756305.1,52605.0
RS_GCF_900659865.1,945733.0
RS_GCF_000332055.1,52607.0
RS_GCF_000317575.1,102115.0
GB_GCA_000252485.1,1214.0
RS_GCF_001890765.1,1154.0
RS_GCF_007904085.1,76023.0
RS_GCF_000473895.1,582491.0
RS_GCF_000211815.1,619344.0
RS_GCF_000155555.1,669368.0
RS_GCF_000464785.1,54304.0
RS_GCF_000478195.2,28073.0
RS_GCF_009176225.1,2596745.0
RS_GCF_003838195.1,1458928.0
RS_GCF_000014265.1,1205.0
RS_GCF_000317475.1,44471.0
RS_GCF_000332155.1,1501433.0
RS_GCF_000332355.1,63132.0
RS_GCF_001276715.1,132607.0
RS_GCF_000317105.1,1158.0
GB_GCA_005518235.1,881023.0
GB_GCA_002340255.1,1233426.0
RS_GCF_001746915.1,1185872.0
RS_GCF_012911975.1,1120752.0
RS_GCF_002286735.1,1005722.0
RS_GCF_000733415.1,2108438.0
RS_GCF_001485215.1,47251.0
RS_GCF_010091945.1,2056239.0
RS_GCF_003003795.1,1844270.0
RS_GCF_000775285.1,1501143.0
RS_GCF_000332315.1,1222.0
RS_GCF_000010065.1,1129.0
RS_GCF_000018105.1,155977.0
RS_GCF_000505665.1,146785.0
RS_GCF_000022045.1,43988.0
RS_GCF_001870225.1,1188227.0
RS_GCF_003967015.1,1152.0
RS_GCF_000011385.1,33071.0
GB_GCA_001899335.1,1906125.0
RS_GCF_903866275.1,213484.0
GB_GCA_001899315.1,1906156.0
GB_GCA_001899385.1,1906162.0
GB_GCA_003864455.1,2507545.0
RS_GCF_900291955.1,2696673.0
RS_GCF_004103755.1,2576755.0
RS_GCF_000752215.1,1738645.0
RS_GCF_001305115.1,1924093.0
RS_GCF_009936055.1,1918385.0
RS_GCF_000526795.1,1263.0
RS_GCF_900155615.1,2895461.0
RS_GCF_000158655.1,1935927.0
RS_GCF_900104675.1,1935176.0
RS_GCF_000154565.1,244127.0
RS_GCF_900104615.1,1926663.0
RS_GCF_900148495.1,1980693.0
RS_GCF_004340125.1,1892380.0
RS_GCF_003814745.1,596767.0
RS_GCF_000820765.1,1470353.0
RS_GCF_900103835.1,258514.0
RS_GCF_002160915.1,216851.0
RS_GCF_900167555.1,204475.0
RS_GCF_002160145.1,1940255.0
RS_GCF_002160015.1,52784.0
RS_GCF_900759375.1,1905344.0
RS_GCF_014287275.1,1929305.0
RS_GCF_001486165.1,1929297.0
RS_GCF_900289145.1,2126544.0
RS_GCF_000178115.2,253238.0
RS_GCF_000403435.2,2591381.0
RS_GCF_000283575.1,459786.0
RS_GCF_003612335.1,2172004.0
RS_GCF_000508885.1,946234.0
RS_GCF_014287675.1,1017280.0
RS_GCF_004154955.1,1392389.0
RS_GCF_000620945.1,2211178.0
RS_GCF_900130065.1,44748.0
RS_GCF_900176335.1,100175.0
RS_GCF_003096535.1,2048137.0
RS_GCF_900155735.1,1928820.0
RS_GCF_900167005.1,580596.0
RS_GCF_002874775.1,2039302.0
RS_GCF_002252565.1,2304687.0
RS_GCF_000621765.1,1200657.0
RS_GCF_000025225.2,1637257.0
RS_GCF_002998295.1,236752.0
RS_GCF_000521465.1,35829.0
RS_GCF_002844395.1,1890281.0
RS_GCF_001262605.1,1486726.0
RS_GCF_005473905.1,1508657.0
RS_GCF_002896855.1,2304693.0
RS_GCF_003337415.1,1486725.0
RS_GCF_000331995.1,2304691.0
RS_GCF_009911195.1,2163168.0
RS_GCF_001881565.1,1432051.0
RS_GCF_900766575.1,1427378.0
RS_GCF_900102515.1,830.0
RS_GCF_002735305.1,1766253.0
RS_GCF_900107245.1,140625.0
RS_GCF_003470905.1,841.0
RS_GCF_000160115.1,177971.0
RS_GCF_000703005.1,46205.0
RS_GCF_002161285.1,572511.0
RS_GCF_900129135.1,420345.0
RS_GCF_900772675.1,1407607.0
RS_GCF_000173815.1,248744.0
RS_GCF_000797495.1,588605.0
GB_GCA_003148945.1,1774128.0
RS_GCF_000169235.1,189330.0
RS_GCF_900312975.1,2717089.0
RS_GCF_001754075.1,2023266.0
RS_GCF_008281175.1,1918452.0
RS_GCF_013300725.1,1924081.0
RS_GCF_902381685.1,2005355.0
RS_GCF_001280875.1,1769710.0
RS_GCF_002160525.1,2316020.0
RS_GCF_000509105.1,1918542.0
RS_GCF_900765975.1,2676048.0
RS_GCF_900142165.1,241189.0
RS_GCF_902362725.1,2678884.0
RS_GCF_003201285.1,1763508.0
RS_GCF_900096945.1,1855714.0
RS_GCF_900112085.1,31980.0
RS_GCF_000154245.1,33042.0
RS_GCF_900016875.1,2569097.0
RS_GCF_001404655.1,207244.0
RS_GCF_004340975.1,1918511.0
RS_GCF_014202115.1,2316203.0
RS_GCF_000160035.2,43996.0
RS_GCF_002904165.1,1663717.0
RS_GCF_900143645.1,1843210.0
RS_GCF_003752155.1,1780122.0
RS_GCF_000018685.1,1506553.0
RS_GCF_900142955.1,653683.0
RS_GCF_900141895.1,115543.0
RS_GCF_000146185.1,28050.0
RS_GCF_003432035.1,2719231.0
RS_GCF_003201875.1,1649459.0
RS_GCF_005845215.1,2719313.0
RS_GCF_003862485.1,1164882.0
RS_GCF_000235445.1,43994.0
RS_GCF_003014445.1,1213720.0
RS_GCF_004216775.1,1918450.0
RS_GCF_002007235.1,265975.0
RS_GCF_900538275.1,2603323.0
RS_GCF_003313305.1,1348611.0
RS_GCF_004342165.1,1434023.0
RS_GCF_000178835.2,698776.0
RS_GCF_001282685.1,1973274.0
RS_GCF_001466305.1,1185408.0
RS_GCF_003865035.1,2039240.0
RS_GCF_004362975.1,1637744.0
RS_GCF_009936045.1,1926556.0
RS_GCF_002243385.1,86331.0
RS_GCF_009695865.1,1935192.0
RS_GCF_900104645.1,1980680.0
RS_GCF_004103735.1,2060094.0
RS_GCF_000426305.1,109326.0
RS_GCF_900605495.1,2005387.0
RS_GCF_900103005.1,65402.0
RS_GCF_900142285.1,166484.0
RS_GCF_900142245.1,1884934.0
RS_GCF_900167445.1,1884930.0
RS_GCF_001282725.1,2004411.0
RS_GCF_004345705.1,2018663.0
RS_GCF_002270055.1,1929105.0
RS_GCF_001562415.1,648799.0
RS_GCF_014205875.1,1780299.0
RS_GCF_900142145.1,390805.0
RS_GCF_900106845.1,1501226.0
RS_GCF_001006285.1,1849822.0
RS_GCF_900114105.1,1505652.0
RS_GCF_000154445.1,1505657.0
RS_GCF_900129815.1,1505660.0
RS_GCF_900243075.1,1870884.0
RS_GCF_008151785.1,2743582.0
RS_GCF_900240845.1,1257.0
RS_GCF_900142235.1,214904.0
RS_GCF_900141635.1,1481960.0
RS_GCF_000238115.1,1913599.0
RS_GCF_001693775.2,1937664.0
RS_GCF_000196455.1,186831.0
RS_GCF_000423525.1,181069.0
RS_GCF_000163895.2,44259.0
RS_GCF_900188145.1,561442.0
RS_GCF_900100845.1,89958.0
RS_GCF_000621485.1,114627.0
RS_GCF_004345905.1,1890059.0
RS_GCF_900107405.1,69894.0
RS_GCF_009910325.1,2565776.0
RS_GCF_001182725.1,165779.0
RS_GCF_900119705.1,1161127.0
RS_GCF_000308275.2,1715798.0
RS_GCF_000311985.1,1472763.0
GB_GCA_900290095.1,2010182.0
RS_GCF_900120375.1,1930845.0
RS_GCF_000245755.1,31983.0
RS_GCF_000159695.1,150022.0
RS_GCF_900232905.1,2126548.0
RS_GCF_001407835.1,1945592.0
RS_GCF_001552895.1,543311.0
RS_GCF_000312505.2,1686313.0
RS_GCF_900120165.1,1582879.0
RS_GCF_000468535.1,1273095.0
RS_GCF_000227315.1,162289.0
RS_GCF_000221565.1,2024199.0
RS_GCF_001299475.1,1933048.0
RS_GCF_004101785.1,2692382.0
RS_GCF_900128955.1,41273.0
RS_GCF_004343355.1,1354809.0
RS_GCF_900106765.1,285105.0
RS_GCF_000751555.1,1347386.0
RS_GCF_900130025.1,165812.0
RS_GCF_000299355.1,1505664.0
RS_GCF_001855385.1,2042899.0
RS_GCF_900107485.1,415014.0
RS_GCF_001730685.1,171003.0
RS_GCF_003609645.1,99593.0
RS_GCF_000387765.1,1640153.0
RS_GCF_900626135.1,1924097.0
RS_GCF_000620125.1,516086.0
RS_GCF_001559865.1,2683336.0
RS_GCF_013403245.1,190972.0
RS_GCF_900142005.1,448125.0
RS_GCF_000247605.1,33951.0
RS_GCF_900142645.1,1730.0
RS_GCF_009696145.1,113286.0
RS_GCF_900128885.1,274470.0
RS_GCF_003317055.1,696745.0
RS_GCF_005844425.1,264995.0
RS_GCF_900167305.1,218204.0
RS_GCF_003288255.1,1769729.0
RS_GCF_000744935.1,1755832.0
RS_GCF_900447045.1,1485.0
RS_GCF_001403615.1,1924062.0
RS_GCF_000701905.1,1155385.0
RS_GCF_000495435.3,1408818.0
RS_GCF_000297115.1,44258.0
RS_GCF_000430995.1,150333.0
RS_GCF_000601455.1,1403538.0
RS_GCF_004364155.1,1434004.0
RS_GCF_001317355.1,44261.0
RS_GCF_900142105.1,667112.0
RS_GCF_014287795.1,990721.0
RS_GCF_004138105.1,2712271.0
RS_GCF_000526435.1,715222.0
RS_GCF_000213255.1,252965.0
RS_GCF_000763575.1,1754.0
RS_GCF_004345675.1,249529.0
RS_GCF_000747665.1,28895.0
RS_GCF_008274215.1,2707768.0
RS_GCF_000427425.1,862261.0
RS_GCF_000421725.1,44000.0
RS_GCF_000328765.2,499228.0
RS_GCF_003691585.1,2770094.0
RS_GCF_001562425.1,555078.0
RS_GCF_900142995.1,591374.0
RS_GCF_000144645.1,291988.0
RS_GCF_001601575.1,159730.0
RS_GCF_003463825.1,29465.0
RS_GCF_000455225.1,906.0
RS_GCF_900095855.1,156454.0
RS_GCF_003467125.1,1980685.0
RS_GCF_001553355.1,39948.0
RS_GCF_001717505.1,209879.0
RS_GCF_902506685.1,909928.0
RS_GCF_003269275.1,33024.0
RS_GCF_900112895.1,40840.0
RS_GCF_900291475.1,904.0
RS_GCF_000384135.1,78119.0
RS_GCF_000155955.1,52225.0
RS_GCF_000468035.1,82202.0
RS_GCF_000208405.1,970.0
RS_GCF_900141865.1,82373.0
RS_GCF_900129225.1,55506.0
RS_GCF_010669225.1,158846.0
RS_GCF_014201835.1,864.0
RS_GCF_900109225.1,84034.0
RS_GCF_900086705.1,1973275.0
RS_GCF_900176355.1,2375.0
RS_GCF_003966895.1,2093783.0
RS_GCF_900476375.1,2498454.0
RS_GCF_000169155.1,261684.0
RS_GCF_900102435.1,909931.0
RS_GCF_004339805.1,244825.0
RS_GCF_001611555.1,1794910.0
RS_GCF_000219125.1,2373.0
RS_GCF_900114615.1,365348.0
RS_GCF_900110485.1,112902.0
RS_GCF_003990955.1,146813.0
RS_GCF_000374545.1,81463.0
RS_GCF_001570625.1,862.0
RS_GCF_900129805.1,54293.0
RS_GCF_009734445.1,2293313.0
RS_GCF_000092405.1,129001.0
RS_GCF_000946815.1,862071.0
RS_GCF_000305935.1,140458.0
RS_GCF_001267405.1,44260.0
RS_GCF_900176005.1,202949.0
RS_GCF_002207765.1,1326739.0
RS_GCF_000620305.1,293136.0
RS_GCF_900129285.1,2282741.0
RS_GCF_000429345.1,418453.0
RS_GCF_002933875.1,2026179.0
RS_GCF_000376385.1,510701.0
RS_GCF_008124625.1,68034.0
GB_GCA_000010565.1,191373.0
RS_GCF_002005145.1,1562.0
RS_GCF_000711975.1,2282743.0
RS_GCF_000024205.1,2282742.0
RS_GCF_000018425.1,471826.0
GB_GCA_001899445.1,1919276.0
RS_GCF_003815015.1,1914252.0
RS_GCF_003368535.1,42837.0
RS_GCF_001950325.1,129957.0
RS_GCF_001263415.1,278993.0
RS_GCF_003054495.1,178898.0
RS_GCF_000231385.2,79206.0
RS_GCF_000243135.2,36853.0
RS_GCF_000512895.1,56112.0
GB_GCA_001515265.1,1930291.0
GB_GCA_001516055.1,342658.0
RS_GCF_000190635.1,51196.0
RS_GCF_009720735.1,28063.0
RS_GCF_014502795.1,2697.0
RS_GCF_008933955.1,79598.0
RS_GCF_004341395.1,150818.0
RS_GCF_900101835.1,2740.0
RS_GCF_900176035.1,83660.0
RS_GCF_000746025.2,2651578.0
RS_GCF_002224645.1,51514.0
RS_GCF_000177375.1,118747.0
RS_GCF_000327285.1,61170.0
RS_GCF_900167375.1,118966.0
RS_GCF_001545095.1,1647.0
RS_GCF_003436425.1,1573535.0
RS_GCF_000469305.1,1573534.0
RS_GCF_014202635.1,1573536.0
RS_GCF_003480165.1,2718525.0
RS_GCF_014202755.1,1774107.0
RS_GCF_000384195.1,174708.0
RS_GCF_001945525.1,1937007.0
RS_GCF_001564455.1,1729679.0
RS_GCF_001945605.1,1937008.0
RS_GCF_900759455.1,1935200.0
RS_GCF_004341945.1,1918536.0
RS_GCF_010537335.1,2749267.0
RS_GCF_000154285.1,2749846.0
RS_GCF_900199515.1,2683202.0
RS_GCF_001305055.1,1472649.0
RS_GCF_900104665.1,1929045.0
RS_GCF_004365815.1,1854458.0
RS_GCF_004168205.1,135858.0
RS_GCF_000702165.1,519427.0
RS_GCF_000340375.1,1279384.0
RS_GCF_003925875.1,2679910.0
RS_GCF_000702065.1,1279388.0
RS_GCF_001244545.1,1470349.0
GB_GCA_001312445.1,100883.0
RS_GCF_004343035.1,1918538.0
RS_GCF_002160865.1,1924110.0
RS_GCF_000686665.1,1505663.0
RS_GCF_003024675.1,2678885.0
RS_GCF_000829905.1,1922299.0
RS_GCF_006546935.1,2767358.0
RS_GCF_003253435.1,2895509.0
RS_GCF_000582535.1,295595.0
RS_GCF_000011225.1,2791001.0
RS_GCF_000019345.1,2129.0
RS_GCF_002804245.1,46239.0
RS_GCF_002930155.1,46238.0
RS_GCF_900489555.1,2093.0
RS_GCF_001886495.1,2132.0
RS_GCF_002009625.1,33926.0
RS_GCF_000526235.1,2147.0
RS_GCF_900770055.1,2086.0
RS_GCF_000215935.2,471824.0
RS_GCF_013046825.1,191303.0
RS_GCF_002902625.1,1279.0
RS_GCF_004359545.1,69965.0
RS_GCF_900101075.1,45669.0
RS_GCF_900110815.1,1647178.0
RS_GCF_004570955.1,227979.0
RS_GCF_014202595.1,489909.0
RS_GCF_003815035.1,1955413.0
RS_GCF_900120125.1,1378.0
RS_GCF_013276505.1,1301.0
RS_GCF_003116835.1,1357.0
RS_GCF_014202895.1,303226.0
RS_GCF_001832905.1,1930830.0
RS_GCF_900167335.1,337670.0
RS_GCF_000313915.1,300418.0
RS_GCF_003841405.1,51668.0
RS_GCF_002197645.1,1350.0
RS_GCF_000270185.1,33969.0
RS_GCF_014397115.1,2737.0
RS_GCF_000092505.1,1243.0
RS_GCF_001438695.1,559173.0
RS_GCF_003096575.1,1697027.0
RS_GCF_000372485.1,46254.0
RS_GCF_004766315.1,46255.0
RS_GCF_009864005.1,2767882.0
RS_GCF_001435345.1,2742598.0
RS_GCF_001436295.1,2767890.0
RS_GCF_003946545.1,2767886.0
RS_GCF_001311135.1,2767892.0
RS_GCF_001434735.1,2767893.0
RS_GCF_001308205.1,2767877.0
RS_GCF_004359375.1,2767874.0
RS_GCF_002907375.1,2767881.0
RS_GCF_000237995.1,1253.0
RS_GCF_000498955.2,2767842.0
RS_GCF_001436215.1,2767887.0
RS_GCF_000612445.1,2767888.0
RS_GCF_001434695.1,2767880.0
RS_GCF_013346935.1,1578.0
RS_GCF_001936335.1,2767876.0
RS_GCF_001436605.1,2767883.0
RS_GCF_005405305.1,2767879.0
RS_GCF_000970795.1,2767878.0
RS_GCF_001435835.1,2767884.0
RS_GCF_000425885.1,2767891.0
RS_GCF_001436375.1,2767875.0
RS_GCF_009687905.1,2759736.0
RS_GCF_004101845.1,2767885.0
RS_GCF_003946275.1,2767889.0
RS_GCF_000160075.2,46123.0
RS_GCF_010892315.1,13075.0
RS_GCF_012396555.1,66831.0
RS_GCF_009659375.1,2761542.0
RS_GCF_000428865.1,171412.0
RS_GCF_900110675.1,89092.0
RS_GCF_000518205.1,2689587.0
RS_GCF_900100125.1,171413.0
RS_GCF_008726925.1,1375.0
RS_GCF_900111135.1,117563.0
RS_GCF_000526675.1,136491.0
RS_GCF_000421665.1,697279.0
RS_GCF_003052295.1,82802.0
RS_GCF_002005405.1,1470540.0
RS_GCF_003003275.1,99906.0
RS_GCF_900169305.1,191769.0
RS_GCF_000245815.1,29393.0
RS_GCF_000315445.1,1651.0
RS_GCF_000374325.1,192987.0
RS_GCF_900129085.1,292480.0
RS_GCF_000425865.1,633405.0
RS_GCF_000429585.1,269773.0
RS_GCF_900258435.1,2747.0
RS_GCF_900111355.1,142587.0
RS_GCF_900113675.1,1384499.0
RS_GCF_900115825.1,82800.0
RS_GCF_000148995.1,1637.0
RS_GCF_000620985.1,2755.0
RS_GCF_005491425.1,160795.0
RS_GCF_003049645.1,2703677.0
RS_GCF_001586195.1,648800.0
RS_GCF_001700315.1,33976.0
RS_GCF_002237755.1,400634.0
RS_GCF_003057615.1,2703676.0
RS_GCF_003143975.1,1649.0
RS_GCF_003576525.1,648802.0
RS_GCF_001955655.1,496496.0
RS_GCF_008973485.1,1221880.0
RS_GCF_002798305.1,889388.0
RS_GCF_001939075.1,651660.0
RS_GCF_001465835.2,1372.0
RS_GCF_001999905.1,2681298.0
RS_GCF_002109325.1,1569.0
RS_GCF_000348905.1,941338.0
RS_GCF_001591505.1,2675232.0
RS_GCF_000813125.1,2675231.0
RS_GCF_002835735.1,2675230.0
RS_GCF_000311725.1,2837507.0
RS_GCF_001076885.1,2837506.0
RS_GCF_003570725.1,2675229.0
RS_GCF_008935075.1,2651279.0
RS_GCF_003605405.2,2837510.0
RS_GCF_008764245.1,2804231.0
RS_GCF_000374345.1,2817139.0
RS_GCF_002844575.1,2837505.0
RS_GCF_002009555.1,2837504.0
RS_GCF_000970685.1,1433999.0
RS_GCF_001591605.1,108525.0
RS_GCF_000812025.2,2047815.0
RS_GCF_013179555.1,2837508.0
RS_GCF_000829445.1,157226.0
RS_GCF_003350505.1,1270155.0
RS_GCF_000383875.1,1276290.0
RS_GCF_002027305.1,1386.0
RS_GCF_002577655.1,2675233.0
RS_GCF_001439915.1,2837501.0
RS_GCF_900104555.1,2813788.0
RS_GCF_012911845.1,2837511.0
RS_GCF_001591565.1,2800373.0
RS_GCF_003852715.1,2837502.0
RS_GCF_013200995.1,2837503.0
RS_GCF_001544135.1,129337.0
RS_GCF_000632515.1,29395.0
RS_GCF_001655645.1,1906945.0
RS_GCF_001187595.1,150247.0
RS_GCF_004341205.1,1500514.0
RS_GCF_007827555.1,1055323.0
RS_GCF_013303125.1,2792299.0
RS_GCF_900162665.1,182709.0
RS_GCF_900129865.1,84406.0
RS_GCF_900112705.1,175304.0
RS_GCF_000190475.1,484508.0
RS_GCF_003201975.1,1494958.0
RS_GCF_014202495.1,227864.0
RS_GCF_000307165.1,29331.0
RS_GCF_900096905.1,1738642.0
RS_GCF_900115465.1,306539.0
RS_GCF_003201605.1,1400134.0
RS_GCF_003315295.1,200903.0
RS_GCF_003176895.1,74385.0
RS_GCF_003337485.1,1434043.0
RS_GCF_000821245.2,482460.0
RS_GCF_009649745.1,1647190.0
RS_GCF_002272075.1,459532.0
RS_GCF_002097535.1,45667.0
RS_GCF_900107115.1,351195.0
RS_GCF_011761345.1,331971.0
RS_GCF_009858175.1,289201.0
RS_GCF_011761495.1,331654.0
RS_GCF_000423105.1,392825.0
RS_GCF_007559425.1,1400133.0
RS_GCF_900110685.1,420644.0
RS_GCF_003843875.1,485576.0
RS_GCF_004402015.1,160794.0
RS_GCF_900103915.1,286800.0
RS_GCF_900111405.1,320933.0
RS_GCF_014207435.1,394505.0
RS_GCF_004342905.1,1775697.0
RS_GCF_011058155.1,1930791.0
RS_GCF_001375675.1,1923871.0
RS_GCF_002262935.1,2670333.0
RS_GCF_001642935.1,1329200.0
RS_GCF_003097615.1,2282756.0
RS_GCF_004153165.1,2077.0
RS_GCF_009718825.1,1795633.0
RS_GCF_004341035.1,442527.0
RS_GCF_000430685.1,340096.0
RS_GCF_002003465.1,1940395.0
GB_GCA_014642655.1,475230.0
RS_GCF_008014775.1,2005375.0
RS_GCF_003814815.1,1434042.0
RS_GCF_002886185.1,1884449.0
RS_GCF_014202575.1,1649504.0
RS_GCF_900099605.1,1433300.0
RS_GCF_900114715.1,1884429.0
RS_GCF_002265875.1,1370.0
RS_GCF_003610495.1,342943.0
RS_GCF_003336365.1,2685905.0
RS_GCF_900100185.1,1150774.0
RS_GCF_014207655.1,767528.0
RS_GCF_003014715.1,427077.0
RS_GCF_000292245.2,2675234.0
RS_GCF_001866055.1,704093.0
RS_GCF_902362975.1,33986.0
GB_GCA_014644735.1,379065.0
RS_GCF_003633725.1,1648500.0
RS_GCF_001653195.1,1609627.0
GB_GCA_003050645.1,2170555.0
RS_GCF_000510645.1,94008.0
RS_GCF_001049895.1,1935206.0
RS_GCF_003710915.1,55080.0
RS_GCF_000466385.1,55079.0
RS_GCF_003609605.1,66862.0
RS_GCF_008386395.1,44249.0
RS_GCF_013618475.1,456492.0
RS_GCF_000227705.2,76632.0
RS_GCF_014212125.1,329857.0
RS_GCF_010078385.1,2026172.0
RS_GCF_004115085.1,2661811.0
RS_GCF_001457415.1,1689250.0
RS_GCF_001730235.1,551771.0
RS_GCF_004342885.1,1494427.0
RS_GCF_003688725.1,2023.0
RS_GCF_004343255.1,292635.0
RS_GCF_003856495.1,2689589.0
RS_GCF_013867725.1,2756134.0
RS_GCF_900110165.1,1522429.0
RS_GCF_004341825.1,1343556.0
RS_GCF_900114055.1,292636.0
RS_GCF_000428065.1,471798.0
RS_GCF_000942395.1,1763555.0
RS_GCF_900107305.1,1763552.0
RS_GCF_900129355.1,292637.0
RS_GCF_900538055.1,86004.0
RS_GCF_900116235.1,1155934.0
RS_GCF_003046315.1,500614.0
RS_GCF_002245355.1,1905726.0
RS_GCF_003054245.1,1236218.0
RS_GCF_013282215.1,1274351.0
GB_GCA_014641195.1,1659417.0
RS_GCF_900113175.1,332100.0
RS_GCF_001375555.1,1924101.0
RS_GCF_002005165.1,1677050.0
GB_GCA_014646935.1,373053.0
RS_GCF_001730225.1,1543703.0
RS_GCF_001447355.1,29330.0
RS_GCF_001642725.1,1765682.0
RS_GCF_002804065.1,1129704.0
RS_GCF_000714935.1,432330.0
RS_GCF_000376225.1,1502725.0
RS_GCF_000174415.1,427925.0
RS_GCF_000020005.1,375928.0
RS_GCF_900142275.1,42447.0
RS_GCF_003053565.1,2330.0
RS_GCF_900103135.1,630723.0
RS_GCF_003953885.1,46466.0
RS_GCF_000020485.1,32636.0
RS_GCF_001693735.1,46468.0
RS_GCF_000517025.1,150059.0
RS_GCF_000328625.1,42417.0
RS_GCF_900114655.1,2017975.0
RS_GCF_900167185.1,142841.0
RS_GCF_000144695.1,28186.0
RS_GCF_003991135.1,1769008.0
RS_GCF_001544015.1,1676651.0
RS_GCF_004340685.1,1501224.0
RS_GCF_001280565.1,28033.0
RS_GCF_000009905.1,2733.0
RS_GCF_000183545.2,73918.0
RS_GCF_000724625.1,1005038.0
RS_GCF_000427095.1,1077265.0
RS_GCF_014202505.1,1042315.0
RS_GCF_003574315.1,2494209.0
RS_GCF_002973605.1,2109263.0
RS_GCF_903645325.1,33882.0
RS_GCF_000633415.1,55968.0
RS_GCF_014197205.1,1648503.0
RS_GCF_006716695.1,580374.0
RS_GCF_011758565.1,1857011.0
RS_GCF_004402215.1,69578.0
RS_GCF_000421145.1,501022.0
RS_GCF_003399635.1,120212.0
RS_GCF_001421485.1,110934.0
RS_GCF_900107435.1,881616.0
GB_GCA_014640535.1,1759331.0
RS_GCF_002240565.1,1573.0
RS_GCF_003067705.1,2729624.0
RS_GCF_002797855.1,1259734.0
RS_GCF_001423695.1,110932.0
RS_GCF_010686705.1,1632778.0
RS_GCF_000419445.1,1195526.0
RS_GCF_007859675.1,427753.0
RS_GCF_003044275.1,33886.0
RS_GCF_003070885.1,33877.0
GB_GCA_002529645.1,2164137.0
RS_GCF_002936985.1,518733.0
RS_GCF_000718085.1,76634.0
RS_GCF_002024505.1,190323.0
RS_GCF_900167575.1,196084.0
RS_GCF_004078655.1,390250.0
RS_GCF_002797685.1,193383.0
RS_GCF_014204935.1,1648520.0
RS_GCF_003003265.1,1649454.0
RS_GCF_010686725.1,1484107.0
RS_GCF_009930795.1,1230698.0
RS_GCF_014217685.1,2740558.0
RS_GCF_006716125.1,1434009.0
RS_GCF_008365275.1,2680004.0
RS_GCF_006517435.1,472058.0
RS_GCF_002797715.1,1433997.0
RS_GCF_013414345.1,1331730.0
RS_GCF_014595885.1,355929.0
RS_GCF_002355395.1,337004.0
RS_GCF_003224335.1,2034.0
RS_GCF_001423905.1,96492.0
RS_GCF_001423105.1,447237.0
RS_GCF_003097495.1,1434022.0
RS_GCF_003581425.1,1029631.0
RS_GCF_002355535.1,1705353.0
RS_GCF_014137865.1,1132766.0
RS_GCF_001570925.1,256818.0
RS_GCF_008831075.1,255204.0
RS_GCF_003752465.1,46352.0
RS_GCF_002950575.1,1434032.0
RS_GCF_005845365.1,529883.0
RS_GCF_013283855.1,529881.0
RS_GCF_000007485.1,2038.0
RS_GCF_003315615.1,1678.0
RS_GCF_010667695.1,2023242.0
RS_GCF_002259705.1,419014.0
RS_GCF_001042695.1,196081.0
RS_GCF_001042675.1,196082.0
RS_GCF_002797875.1,1302778.0
RS_GCF_002259595.1,240233.0
GB_GCA_000485475.1,1265508.0
RS_GCF_005796205.1,1742993.0
RS_GCF_003261175.1,1663.0
RS_GCF_011761315.1,1742992.0
RS_GCF_004919045.1,596707.0
RS_GCF_000018885.1,1645.0
RS_GCF_000950575.1,2078575.0
RS_GCF_000376245.1,291967.0
RS_GCF_001968825.1,1418588.0
RS_GCF_000688395.1,1930924.0
RS_GCF_014195445.1,57494.0
RS_GCF_005877055.1,169133.0
RS_GCF_014205175.1,1269.0
RS_GCF_000420805.1,225447.0
RS_GCF_006716305.1,1164863.0
RS_GCF_003703835.1,1160973.0
RS_GCF_006539925.1,1742989.0
RS_GCF_014201135.1,1868332.0
RS_GCF_003287975.1,1742990.0
RS_GCF_004217565.1,370735.0
RS_GCF_000758985.1,1742991.0
RS_GCF_003575975.1,2676121.0
RS_GCF_012396615.1,32207.0
RS_GCF_001482365.1,57493.0
RS_GCF_005280295.1,1696.0
GB_GCA_014639315.1,1784953.0
RS_GCF_013409065.1,1649497.0
RS_GCF_903645355.1,2740557.0
RS_GCF_000159015.1,2692113.0
RS_GCF_900604285.1,184869.0
RS_GCF_002849225.1,2692118.0
RS_GCF_009695935.1,2050.0
RS_GCF_001936115.1,2767318.0
RS_GCF_013185035.1,1654.0
RS_GCF_001907235.1,2767323.0
RS_GCF_900155575.1,1653174.0
RS_GCF_900102025.1,76833.0
RS_GCF_900604955.1,2653802.0
RS_GCF_014041995.1,2593683.0
RS_GCF_001652275.1,2739835.0
RS_GCF_012563545.1,28263.0
RS_GCF_001469025.1,1069494.0
RS_GCF_003971195.1,1522056.0
RS_GCF_900107735.1,2767322.0
RS_GCF_002563695.1,154116.0
RS_GCF_003752405.1,56054.0
RS_GCF_900105765.1,626119.0
RS_GCF_009733795.1,1926259.0
RS_GCF_002563925.1,690565.0
RS_GCF_003751805.1,120376.0
RS_GCF_006351005.1,947525.0
RS_GCF_000023105.1,84756.0
RS_GCF_004886325.1,1707.0
RS_GCF_000767165.1,458839.0
RS_GCF_000024965.1,186188.0
RS_GCF_011634835.1,254250.0
RS_GCF_000515355.1,43676.0
RS_GCF_003814695.1,253183.0
RS_GCF_003946865.1,2731402.0
RS_GCF_006539945.1,157920.0
RS_GCF_003752595.1,1217414.0
RS_GCF_000701465.1,665568.0
RS_GCF_001692445.1,162491.0
RS_GCF_009429125.1,754249.0
RS_GCF_013415325.1,60919.0
RS_GCF_000423205.1,43673.0
RS_GCF_000312125.1,1465824.0
RS_GCF_900113055.1,2756312.0
RS_GCF_006716265.1,13242.0
RS_GCF_002090095.1,577469.0
RS_GCF_002407065.1,43668.0
RS_GCF_001570785.1,36739.0
RS_GCF_014191425.1,1161125.0
RS_GCF_900070355.1,472568.0
RS_GCF_011839805.1,33981.0
GB_GCA_000719025.1,49184.0
RS_GCF_900101335.1,317661.0
RS_GCF_003751265.1,1156392.0
RS_GCF_000720925.1,367298.0
RS_GCF_009858245.1,1191515.0
RS_GCF_000768705.1,136099.0
RS_GCF_900176385.1,53457.0
RS_GCF_001552435.1,331525.0
RS_GCF_001046855.1,99479.0
RS_GCF_013041615.1,2805645.0
RS_GCF_006715875.1,53355.0
RS_GCF_000184685.1,53357.0
RS_GCF_006717145.1,556178.0
RS_GCF_001758225.1,68903.0
RS_GCF_006715055.1,402170.0
RS_GCF_006716205.1,344063.0
RS_GCF_009192725.1,2706529.0
RS_GCF_014190805.1,1096776.0
RS_GCF_007829035.1,1434038.0
RS_GCF_007845645.1,2750262.0
RS_GCF_900108585.1,908251.0
RS_GCF_013410455.1,2040262.0
RS_GCF_006715095.1,908935.0
RS_GCF_000376825.1,63958.0
RS_GCF_006716095.1,1535207.0
RS_GCF_001247745.1,745364.0
RS_GCF_900447535.1,57495.0
RS_GCF_000247995.1,984996.0
RS_GCF_000298175.1,1184606.0
RS_GCF_000298215.1,211469.0
RS_GCF_001515525.1,985001.0
RS_GCF_900447215.1,1862.0
RS_GCF_000426385.1,267408.0
RS_GCF_001685415.1,265976.0
RS_GCF_003351765.1,125287.0
RS_GCF_006716185.1,82345.0
RS_GCF_002847825.1,57499.0
RS_GCF_001426435.1,908626.0
RS_GCF_003634695.1,1434021.0
RS_GCF_001053185.1,1763.0
RS_GCF_000185725.2,286801.0
RS_GCF_000423025.1,2053.0
RS_GCF_002735905.1,85043.0
RS_GCF_000380485.1,2767345.0
RS_GCF_900104775.1,2060.0
RS_GCF_000308675.1,1817.0
RS_GCF_000380645.1,613121.0
RS_GCF_001552855.1,59613.0
RS_GCF_001646865.1,2767320.0
RS_GCF_001767395.1,1827.0
RS_GCF_001552615.1,264147.0
RS_GCF_001059565.1,1716.0
RS_GCF_001293125.1,1847725.0
RS_GCF_000226215.1,37914.0
RS_GCF_000524475.1,741759.0
RS_GCF_014191505.1,697025.0
RS_GCF_900110575.1,1813.0
RS_GCF_000231055.2,1851.0
RS_GCF_000427905.1,37924.0
RS_GCF_900188115.1,1425377.0
RS_GCF_004340875.1,1734465.0
RS_GCF_900070365.1,39845.0
RS_GCF_004364325.1,695999.0
RS_GCF_001984155.1,2029.0
RS_GCF_004345645.1,1891915.0
RS_GCF_004362825.1,1434013.0
RS_GCF_004216555.1,1884922.0
RS_GCF_000379465.1,596495.0
RS_GCF_900115955.1,165301.0
RS_GCF_000716595.1,40566.0
RS_GCF_003002815.1,583360.0
GB_GCA_000715825.1,334857.0
RS_GCF_002155965.1,1137960.0
RS_GCF_002155995.1,130795.0
RS_GCF_014203355.1,43356.0
GB_GCA_014645795.1,1434016.0
RS_GCF_900129375.1,2016.0
RS_GCF_005405885.1,2662170.0
RS_GCF_014203325.1,1835.0
RS_GCF_013408175.1,1849.0
RS_GCF_003337235.1,1649455.0
RS_GCF_001941625.1,65496.0
RS_GCF_012911935.1,1847.0
RS_GCF_003096675.1,402649.0
RS_GCF_003260015.1,53460.0
RS_GCF_900129455.1,1434010.0
RS_GCF_002938425.1,38501.0
RS_GCF_900104025.1,1860.0
RS_GCF_010682105.1,88138.0
RS_GCF_900100695.1,2183612.0
RS_GCF_004382795.1,2027529.0
RS_GCF_009834025.1,2078948.0
RS_GCF_003003235.1,1920251.0
RS_GCF_000235425.2,1854.0
RS_GCF_900107255.1,1873.0
RS_GCF_012933445.1,1865.0
RS_GCF_000717135.1,33874.0
RS_GCF_003387075.1,195964.0
RS_GCF_011764545.1,907364.0
GB_GCA_014647915.1,53370.0
RS_GCF_007483665.1,53365.0
RS_GCF_003426775.1,1121253.0
RS_GCF_000428945.1,1121254.0
RS_GCF_014204945.1,1400054.0
RS_GCF_011947225.1,689760.0
RS_GCF_000716715.1,35753.0
RS_GCF_000379825.1,203522.0
RS_GCF_002798405.1,58113.0
RS_GCF_000527155.1,651553.0
RS_GCF_006716355.1,283810.0
RS_GCF_014202425.1,1434030.0
RS_GCF_000720965.1,390988.0
RS_GCF_010993745.1,435913.0
RS_GCF_006912135.1,65502.0
RS_GCF_000721265.1,1883.0
RS_GCF_001188955.3,2063.0
RS_GCF_014084105.1,228398.0
RS_GCF_013407765.1,1914443.0
RS_GCF_003967355.1,2699295.0
RS_GCF_000024025.1,414878.0
RS_GCF_000504285.1,414715.0
RS_GCF_000384115.1,35750.0
RS_GCF_013283785.1,83681.0
RS_GCF_013409935.1,2000.0
RS_GCF_014203605.1,1998.0
RS_GCF_006334915.2,2005.0
RS_GCF_000092645.1,147067.0
GB_GCA_001552515.1,1792303.0
RS_GCF_001528665.1,1995.0
RS_GCF_001570585.1,28443.0
RS_GCF_009687845.1,90974.0
RS_GCF_003236385.1,2871671.0
RS_GCF_014202315.1,1649505.0
RS_GCF_900099985.1,2071601.0
RS_GCF_900100605.1,1367968.0
RS_GCF_003323745.1,321315.0
RS_GCF_006716785.1,359169.0
RS_GCF_900143625.1,2013.0
RS_GCF_009728995.1,104204.0
RS_GCF_014203805.1,1874625.0
RS_GCF_000981225.1,1631197.0
RS_GCF_006717075.1,405552.0
RS_GCF_001517975.1,83677.0
RS_GCF_004363075.1,1833962.0
RS_GCF_003336425.1,2173855.0
RS_GCF_013408795.1,1434047.0
RS_GCF_900167435.1,647960.0
RS_GCF_003014485.1,1400055.0
RS_GCF_003002095.1,1647181.0
RS_GCF_001942465.1,58122.0
RS_GCF_000024385.1,2019.0
RS_GCF_003751225.1,58108.0
RS_GCF_006716425.1,667113.0
RS_GCF_007827045.1,2767073.0
RS_GCF_000015025.1,28048.0
RS_GCF_013778305.1,1839.0
RS_GCF_000720335.1,86795.0
RS_GCF_004134905.2,2040.0
RS_GCF_014127285.1,1546255.0
RS_GCF_011758645.1,369926.0
RS_GCF_900155645.1,203133.0
RS_GCF_000940845.1,1743.0
RS_GCF_009696315.1,1912216.0
RS_GCF_003325455.1,1912215.0
RS_GCF_003752415.1,33983.0
RS_GCF_000421525.1,396388.0
RS_GCF_000619965.1,2801844.0
RS_GCF_002563675.1,236052.0
RS_GCF_900289045.1,116071.0
RS_GCF_004126535.1,2717325.0
RS_GCF_900182665.1,1085622.0
RS_GCF_000826085.1,2042653.0
RS_GCF_000423465.1,348581.0
RS_GCF_000423085.1,448176.0
RS_GCF_006716235.1,53456.0
RS_GCF_009646095.1,1911549.0
RS_GCF_009742705.1,1278221.0
RS_GCF_003344635.1,2676837.0
RS_GCF_013408305.1,1294511.0
RS_GCF_900105065.1,53387.0
RS_GCF_000270245.1,29404.0
RS_GCF_004217145.1,182639.0
RS_GCF_000373925.1,117156.0
RS_GCF_003386795.1,718013.0
RS_GCF_003427025.1,281472.0
RS_GCF_003014555.1,1217101.0
RS_GCF_003287285.1,1783488.0
RS_GCF_002284855.1,622681.0
RS_GCF_002287885.2,2039639.0
RS_GCF_000969705.1,596499.0
RS_GCF_004300825.1,1755825.0
RS_GCF_004322855.1,1747770.0
RS_GCF_003073135.1,908623.0
RS_GCF_000299415.1,41949.0
RS_GCF_004364865.1,682522.0
RS_GCF_003426815.1,2448024.0
RS_GCF_000023265.1,53634.0
RS_GCF_000745905.1,121038.0
RS_GCF_900128965.1,643949.0
RS_GCF_000949295.1,1609233.0
GB_GCA_003213625.1,1389453.0
RS_GCF_000240225.1,361607.0
RS_GCF_007970665.1,2600304.0
RS_GCF_014199525.1,191494.0
RS_GCF_003633755.1,207599.0
RS_GCF_900108055.1,192992.0
RS_GCF_003351045.1,1154586.0
RS_GCF_900175965.1,42255.0
RS_GCF_003459505.1,102106.0
RS_GCF_000321165.1,1472762.0
RS_GCF_000195315.1,33870.0
RS_GCF_000468755.1,133925.0
RS_GCF_000159235.2,2767327.0
RS_GCF_000466405.1,1979843.0
RS_GCF_000411555.1,2767353.0
RS_GCF_001437015.1,1380.0
RS_GCF_900143685.1,2082587.0
RS_GCF_002899715.1,2126006.0
RS_GCF_002899695.1,2126002.0
RS_GCF_902386925.1,2005386.0
RS_GCF_000024265.1,84111.0
RS_GCF_003726035.1,651554.0
RS_GCF_000210055.1,644652.0
RS_GCF_900199545.1,1926677.0
RS_GCF_000236865.1,1473205.0
RS_GCF_008831035.1,2137577.0
RS_GCF_000422625.1,447020.0
RS_GCF_003725335.1,1427376.0
RS_GCF_000023845.1,84162.0
RS_GCF_001643775.1,79603.0
RS_GCF_000162875.1,84108.0
RS_GCF_900169485.1,1981050.0
RS_GCF_900109185.1,1298.0
RS_GCF_014202645.1,758601.0
RS_GCF_000092425.1,332248.0
RS_GCF_000236585.1,270.0
RS_GCF_003574355.1,65551.0
RS_GCF_000373205.1,2747271.0
RS_GCF_014201675.1,208447.0
RS_GCF_000195335.1,186191.0
GB_GCA_003244185.1,2599625.0
RS_GCF_001050275.1,475966.0
RS_GCF_001050235.1,475961.0
RS_GCF_001306055.1,475960.0
RS_GCF_001306145.1,1077886.0
RS_GCF_000199675.1,233189.0
RS_GCF_001306035.1,475965.0
RS_GCF_001717545.1,1769713.0
RS_GCF_001306115.1,1434028.0
RS_GCF_900184705.1,2019482.0
RS_GCF_003966975.1,1649478.0
RS_GCF_900066015.1,1988031.0
RS_GCF_900187885.1,1495649.0
RS_GCF_012931985.1,1979385.0
RS_GCF_000281175.1,233191.0
RS_GCF_006569185.1,1215913.0
RS_GCF_001306175.1,1382931.0
RS_GCF_000143165.1,670486.0
RS_GCF_000830885.1,61434.0
RS_GCF_002563855.1,2682228.0
RS_GCF_002532535.1,2491136.0
RS_GCF_004138135.1,104175.0
RS_GCF_000018865.1,1107.0
RS_GCF_000016665.1,120961.0
GB_GCA_001399705.1,186475.0
RS_GCF_001306135.1,64.0
RS_GCF_000024985.1,2056.0
RS_GCF_000297255.1,1206748.0
RS_GCF_000021685.1,499.0
RS_GCF_000744775.1,1649508.0
RS_GCF_000025005.1,262406.0
RS_GCF_008326305.1,2024965.0
RS_GCF_003967535.1,2571199.0
RS_GCF_000178855.1,363276.0
RS_GCF_003253565.1,768650.0
RS_GCF_004208415.1,2692417.0
RS_GCF_001748285.1,768669.0
