reference,mot_mean
RsmE,NA
A0A017RVG9_9CLOT,1.7824726339476475
A0A024P3P8_9BACI,0.00545166932063184
A0A024Q9Z5_9BACI,0.3360031306950424
A0A024QHQ5_9BACI,1.1088228704498695
A0A024QIU9_9BACI,1.770070154741168
A0A068QZS8_9GAMM,0.754495115872458
A0A069DLG4_9BACL,1.4692678679769864
A0A078KM44_9FIRM,NA
A0A078L5M7_9GAMM,1.7256125439988903
A0A087MAN2_9PROT,1.4998715051501852
A0A089J0U7_PAEDU,0.824047473226541
A0A089YW18_9PSED,0.5771079641966668
A0A090STD9_9VIBR,1.4481762989805027
A0A090ZC01_PAEMA,NA
A0A098GA40_9GAMM,1.841685578460745
A0A098YDH0_9ACTN,0.8169453916548188
A0A099L7L8_9GAMM,0.937418920166347
A0A0A0M9H7_9GAMM,0.0025196368354580734
A0A0A1DIG2_NOCSI,1.782468233168475
A0A0A2TGL6_9BACI,1.8241153399475678
A0A0B0ELE0_9BACT,0.6081826360532563
A0A0B5BCX3_9DELT,0.23440464984075252
A0A0B6WVY8_9BACT,0.9235204976198335
A0A0F4SZE5_PSEFL,0.009986421680572401
A0A0G9L8P3_9CLOT,NA
A0A0H0ZSD1_9MICC,0.43765386787048494
A0A0H5DQP9_9BACT,1.552007266719135
A0A0J6JHI7_PSETA,0.23565314283635633
A0A0K1XGR9_9GAMM,0.1366923462131825
A0A0K2SNV4_9FIRM,NA
A0A0K9G9J7_9BACI,1.5895095457147144
A0A0M0KEC4_9BACI,NA
A0A0M4QHW5_9MICC,1.2661656081509491
A0A0M6WP36_9FIRM,0.3517552945398137
A0A0N8NTF2_9CLOT,0.05147016806681659
A0A0N8QU24_9PSED,1.606544592981517
A0A0P1L6X3_9BACT,NA
A0A0Q5M4S9_9MICO,0.11687223321444502
A0A0Q9DBD9_9MICO,NA
A0A0Q9LWY3_9BACL,0.3515545728897495
A0A0S2GD97_9GAMM,1.3417693567637483
A0A0S4PGD2_9BACT,1.8081175457417282
A0A0S8DTK5_9BACT,1.7175907958313443
A0A0U9HP54_9BACT,NA
A0A0V8QJQ0_9FIRM,1.2148013534323572
A0A0W0TGX6_9GAMM,1.5601533737005213
A0A0W0TH70_9GAMM,1.6511810037479742
A0A0W0U7H8_9GAMM,1.6258138270314708
A0A0W0U976_9GAMM,1.5198183974530683
A0A0W0VAI4_9GAMM,1.7722675019883998
A0A0W0VJ56_9GAMM,1.6893324676845745
A0A0W0VSC7_9GAMM,0.6652306572193432
A0A0W0WIN7_9GAMM,0.13970719317565022
A0A0W0X239_9GAMM,1.5274518453731958
A0A0W0XS21_9GAMM,0.47808762156947693
A0A0W0XV62_9GAMM,1.5920036124254908
A0A0W0Z8X8_LEGSP,2.0279537641630663
A0A130HK10_LEGPN,1.5198964140075306
A0A142WV33_9PLAN,NA
A0A142WVT7_9PLAN,1.6656339535078042
A0A142X2U6_9PLAN,0.46901725496646446
A0A142X564_9PLAN,1.0671943309609402
A0A142YAY1_9PLAN,0.4327147656547565
A0A142YC72_9PLAN,0.010586381122622291
A0A142YEP8_9PLAN,1.5424667404706454
A0A143GKN6_9PSED,1.4867183919702305
A0A150MLL2_9BACI,1.0239955286805267
A0A151AYG0_9THEO,1.8448453275053527
A0A151B4S6_9CLOT,0.988653601987643
A0A154QZN6_9GAMM,1.6970813106000047
A0A162BCA7_9GAMM,1.5979510546014035
A0A162H1Z6_9GAMM,0.5896670490692795
A0A173UH09_9FIRM,0.5258030551113211
A0A174GKB3_9FIRM,1.5559878125460491
A0A174NZ75_9FIRM,0.7949361133950043
A0A193LEZ3_9GAMM,1.6718597061727378
A0A1A8TAB4_9GAMM,0.06089369953338919
A0A1B1BIS4_9MICO,1.4326546941332887
A0A1B4V6H7_9GAMM,0.2584617004390434
A0A1B4V7W2_9GAMM,1.4900785688688476
A0A1B8TID0_9PSED,0.2458020501953511
A0A1B9BGJ2_CLOBE,NA
A0A1C0YI57_9BACL,1.106514308819068
A0A1C2INY4_ACITH,1.1202406923610697
A0A1C3ENY7_9PLAN,NA
A0A1C5Y9S5_9CLOT,1.6979742388426462
A0A1C6FUZ3_9CLOT,NA
A0A1C7DCM1_9BACL,NA
A0A1D8GGH9_9CLOT,1.673974525455293
A0A1E3X9L0_9BACT,NA
A0A1E5JP96_9GAMM,1.7661291103091121
A0A1G0YL58_9BACT,1.5926177886351123
A0A1G6Q115_9MICO,0.4592975696703815
A0A1G8V9A6_9PSED,1.0773275203515873
A0A1G9S195_9PSED,1.3466411853883014
A0A1H1FTS1_9GAMM,1.6860678837635872
A0A1H2DSG3_9DELT,1.3180211762855771
A0A1H2EQH6_9PSED,1.589849852909908
A0A1H2N2W1_9PSED,1.7475108396944492
A0A1H3Y4S7_SELRU,1.8003811137144223
A0A1H4EJ38_9FIRM,0.1548436133476847
A0A1H6FVD0_THEAL,1.0015500241153523
A0A1I0Y5Y0_9BACI,NA
A0A1I1ANZ5_9CLOT,0.172424178686463
A0A1I2BFZ7_9BACI,0.018293947284906572
A0A1I3CE30_9PLAN,0.12983597613319725
A0A1I3EIV9_9PLAN,1.0157153470418372
A0A1I3RIM9_HALDA,0.3826382558518465
A0A1I3RMV8_9PLAN,1.111947119007914
A0A1I5N254_9PROT,NA
A0A1I5V727_9FIRM,NA
A0A1L8D4N7_9THEO,NA
A0A1M4X208_9FIRM,1.7099848768472228
A0A1M5IDR4_9ACTN,NA
A0A1M5W6I7_9FIRM,0.4782851571273158
A0A1M6CDH9_9CLOT,0.14666595212374817
A0A1M6K208_9FIRM,0.9345294744211434
A0A1N7J0V2_9BACI,1.075555466319494
A0A1P8W9E4_9PLAN,1.297812346144295
A0A1P8WJE9_9PLAN,1.4307704327740758
A0A1P8WL99_9PLAN,1.4956481488479763
A0A1R0ITG9_SULTH,0.09662232650255582
A0A1R1MCT7_9MICC,1.718527958117158
A0A1S2ITB8_9MICO,1.2568436368096632
A0A1T4QYT5_9GAMM,1.5825026856403932
A0A1T4XAN6_9CLOT,0.3272942542286349
A0A1U7CK53_9BACT,0.9454329705903513
A0A1U7CP06_9BACT,0.11500637951113896
A0A1U7CP14_9BACT,1.1807712215630528
A0A1U9NDA2_9GAMM,NA
A0A1U9NEZ0_9GAMM,NA
A0A1V2M5A5_9FIRM,1.7071895335856804
A0A1W1XG01_9DELT,0.5955116081397892
A0A1W6LLU9_9BACT,0.1829883736958651
A0A1X7FRA0_9BACI,NA
A0A1X9NGI8_9GAMM,0.007230407226039845
A0A1Y0G023_9GAMM,1.5576204812437224
A0A1Y0IK21_9BACL,NA
A0A1Y0SUB7_9CAUD,1.511030461080445
A0A1Y1RVX2_9SPIO,2.203764745971049
A0A1Y4HYU5_9FIRM,1.6061456019441058
A0A1Y6C7F4_9ALTE,0.02249338970970218
A0A1Z5HCC7_9GAMM,0.44708014559512266
A0A221MAJ3_9BACI,1.1316604784341622
A0A221MAS0_9BACI,1.6052187545260803
A0A225CYB6_9BACT,0.4208643538311152
A0A239CEQ8_9FIRM,0.25435015213475626
A0A259NX26_9ALTE,0.30143002752157727
A0A261QIU1_9BACI,1.630995732602957
A0A265QB00_9FIRM,1.2461831374728471
A0A286TWA9_9BACT,1.6974823889639625
A0A2D7VJP4_9GAMM,1.1500785170081909
A0A2E1JZ65_9GAMM,1.1674388070320365
A0A2E3UTG6_9PROT,0.9668799712151162
A0A2G6M3M3_9BACT,0.32818980726816926
A0A2G6N266_9DELT,1.555196229748674
A0A2H4PHU8_9CAUD,1.66444671918541
A0A2H5YV53_9BACT,1.7439748043584005
A0A2I0CTJ5_9PSED,1.718188278347167
A0A2K8L6J7_9PROT,0.5888249814233012
A0A2K8L6U2_9PROT,1.5319926388419303
A0A2N5MMY9_9BACI,0.8565709458262639
A0A2N5Y2P6_9GAMM,1.1126745499029298
A0A2N5Y4L5_9GAMM,0.013323347949446592
A0A2P1PWV5_9GAMM,0.7194570874952683
A0A2P1PZV7_9GAMM,1.5888432749279937
A0A2P2FAM7_9FIRM,0.4813027639183074
A0A2P6MHB2_9BACI,1.4733559318711045
A0A2R3MYV0_9FIRM,0.0011597930281114944
A0A2R4N3K3_9FIRM,1.5510679154436997
A0A2S1JTD5_9GAMM,1.6794388867589805
A0A2S4HG90_9GAMM,0.6065558093614715
A0A2S4HGE5_9GAMM,1.2877192288027905
A0A2S5EJG4_9BACT,1.331767373199839
A0A2S6FV23_9CLOT,1.6964075766487456
A0A2S6R0N1_9PROT,0.7980133649834857
A0A2U8DLQ5_9CLOT,0.842494852830832
A0A2Y9A464_9MICO,0.6500658023802953
A0A2Z2NKI0_9GAMM,0.15700687259423562
A0A2Z2P6F5_9GAMM,0.3090792917358925
A0A2Z3HFM6_9BACT,0.9007952698634628
A0A317J5V8_9BACT,1.7247895785763445
A0A329ZCL1_9HELI,1.7841963275412347
A0A329ZW99_9HELI,1.8639546064277175
A0A350J1N4_9GAMM,0.4414349265862328
A0A351QSA1_CLOSP,1.437425446108258
A0A356VWS5_9FIRM,0.028902500842714833
A0A358ASN5_9FIRM,1.8748235968687257
A0A367W9B6_9PROT,0.14604682240287625
A0A369C2G0_9GAMM,1.5573693029423974
A0A369T695_9PROT,0.0019523133163949617
A0A370UA35_9GAMM,1.604639711229825
A0A371IK80_9FIRM,1.7195933182597285
A0A372DKI0_9GAMM,1.728381007223042
A0A372DLD5_9GAMM,1.6026291806717718
A0A378IKX1_9GAMM,1.4985551155019832
A0A378IXS7_9GAMM,1.6915964901366802
A0A379IBC6_PSEFL,0.4032830548540207
A0A379KF17_PSEPU,1.649323691192753
A0A380MWJ8_9GAMM,0.7570256373256462
A0A381GYT6_CITKO,1.4743268839735308
A0A3A8UF94_9BACT,0.4080333619759732
A0A3A9EUL8_9BACT,0.5131681213981159
A0A3B0C2V4_9BACL,1.7485405245259302
A0A3C0V8T4_9BACT,0.9038389045476566
A0A3D4PDJ8_9PLAN,0.3731446510287415
A0A3D4XBK6_9FIRM,1.6021798978778468
A0A3D5W3M8_9GAMM,2.235691200156571
A0A3D9P283_9PSED,0.27544835605813756
A0A3E0NAP8_9BACT,NA
A0A3E0Q5H4_9BACT,1.6854843872523728
A0A3M7TQ90_9BACI,1.3066143164348873
A0A3N0GLT3_9ACTN,0.7381334633207214
A0A3N2DJF2_9GAMM,1.7276055330402358
A0A3N5YS73_9BACT,1.6039887694505854
A0A3N6WRT5_9ACTN,1.1690250114615734
A0A3Q8T499_9RICK,NA
A0A3Q9B9H2_9FIRM,1.659430029872032
A0A401ZFH1_9CHLR,1.2780283792990288
A0A401ZQR6_9CHLR,1.6458410705011528
A0A402AKN8_9CHLR,0.23601719137174654
A0A402BUV2_9FIRM,1.7338277010689214
A0A410PSS9_9FIRM,1.6766186475927338
A0A413YTL9_9FIRM,1.67155678294101
A0A417HPE2_9FIRM,1.8513660890217098
A0A432MGY8_9BACT,NA
A0A432MJC2_9BACT,1.9459506194276452
A0A432MKK3_9BACT,1.5488031797758008
A0A4P5WR72_9BACT,1.3400212084148955
A0A4Q2B9J4_9BACT,1.5704374605348157
A0A4R3HYZ2_9GAMM,0.0017773133753938844
A0A4R4EFI0_9BACL,0.009754594034416255
A0A4R5XMG3_9BACL,0.29061438240671605
A0A4U7NDI8_9SPIR,0.1262836468167431
A0A4U8SH37_9HELI,1.412209622162323
A0A510ISB0_9GAMM,0.24950705377901414
A0A510IUE1_9GAMM,0.026506374909547332
A0A517MV08_9BACT,0.04693247521821066
A0A517PSE6_9PLAN,0.7292925137612023
A0A517QML3_9PLAN,1.3434077181217323
A0A517T3T7_9PLAN,0.7118222683483463
A0A517VP96_9PLAN,0.44260116169036595
A0A517VW23_9PLAN,0.0043860987170121265
A0A517WCU1_9PLAN,1.7992534812651781
A0A517X2H5_9PLAN,1.5533528551256157
A0A517XWA5_9BACT,0.5480387247016907
A0A517Y265_9BACT,0.6997578520246738
A0A517ZCR3_9PLAN,1.7066085694526671
A0A518B3I5_9BACT,1.7957696556122478
A0A518GHU2_9PLAN,0.0031612110296719348
A0A518GWW3_9BACT,2.845089926704741
A0A518HCQ0_9BACT,1.6736301366636332
A0A518I7B2_9PLAN,0.2350016076513165
A0A518K4G9_9BACT,NA
A0A523WI81_9BACT,1.56831431170767
A0A538BYN4_9ACTN,1.7414094147127894
A0A540VQN6_9GAMM,NA
A0A545UIU6_9GAMM,3.2439481618890302
A0A5B7TC87_9CLOT,1.560547349161206
A0A5B9VYE4_9BACT,0.2944921568609808
A0A5C5XS16_9PLAN,0.62803748951901
A0A5C5ZTK5_9BACT,0.0037643245338562434
A0A5C8ZBF1_9ACTN,1.6820831926479807
A0A5E4PIY0_9COXI,NA
A0A5E6Y8V8_PSEFL,0.7804782562477075
A0A5E7NSK1_PSEFL,0.05757103327206595
A0A5E7Q275_PSEFL,0.13340774223502816
A0A5E7RT30_PSEFL,2.4048412394642633
A0A5J6N1X4_9PROT,0.07771275423243558
A0A5P9NF32_9GAMM,NA
A0A5Q3L471_9BACT,1.418177112644534
A0A5Q3LC50_9BACT,NA
A0A661QZI3_9DELT,1.1197140866110207
A0A6G5QIN2_9PROT,1.7036448233488553
A0A6I1L659_PSESP,1.7591692026956478
A0A6I7PTQ8_9DELT,1.922991456018821
A0A6J4E3Q6_9PSED,0.4895592041692617
A0A6J4MNQ6_9ACTN,NA
A0A6J5JLI4_BURL3,1.7848861822351765
A0A6L5Y1E2_9FIRM,1.744376234207251
A0A6L9EIQ9_CLOBU,0.535464467653711
A0A6N6JUW1_9BACT,1.4136373771106634
A0A6N7ERN2_9MICO,0.8781840105021327
A0A6N8VTZ7_9GAMM,1.0195491311271827
A0A6S6QYH7_9FIRM,0.2777040775276955
A0A7C0WR65_9DELT,NA
A0A7C2KHT2_9SPIR,NA
A0A7C3LTT9_9BACT,1.3256266458400454
A0A7C3ST14_9BACT,1.486692587508388
A0A7C4UDP8_9BACT,NA
A0A7C6LHV3_9FIRM,NA
A0A7C6ZJQ9_9FIRM,1.0925145318546206
A0A7H0Y7Q3_9BACL,1.6086209280766914
A0YAS6_9GAMM,1.5887826602436135
A4ACW6_9GAMM,0.22769204525291104
A4J787_DESRM,0.2969131399706173
A6C2Z8_9PLAN,0.8091474553609874
A6C3S9_9PLAN,NA
A6C8W1_9PLAN,0.7720328456801338
A6FS91_9RHOB,NA
A6G093_9DELT,0.00176978656923594
A6VY64_MARMS,0.45552292897138713
B_subtilis,0.15880132269859712
B5Y7C4_COPPD,0.5240162462182649
B8KF71_9GAMM,0.7155878997779117
B8L491_9GAMM,1.7740287854526868
Borrelia,0.5144413583054701
C6WJS5_ACTMD,0.7991607034144464
C7M282_ACIFD,0.8426570256204635
Campylobacter,0.4696820931965923
CSRA_ACTP2,0.08989222054820731
CSRA_ACTSZ,0.003706957559224419
CSRA_AGARV,0.2923612770037181
CSRA_ALIF1,0.5424010414498323
CSRA_ALKMQ,2.5570579828078728
CSRA_BACHD,1.3377171961576115
CSRA_BACP2,0.40693065729983796
CSRA_BACSU,0.31705423539753325
CSRA_BLOFL,0.7507267645203907
CSRA_BORAP,NA
CSRA_BORPD,1.7068353592770797
CSRA_BREBN,NA
CSRA_BUCCC,0.31232341903493954
CSRA_CALBD,1.8188222981135285
CSRA_CLOAB,NA
CSRA_CLOB1,NA
CSRA_CLOBB,0.8464376547291655
CSRA_CLOD6,1.7488008246852187
CSRA_CLOK1,0.001730853187348892
CSRA_DESAH,0.08787735388345712
CSRA_DESAL,1.5758516044466402
CSRA_DESHY,1.689420407698166
CSRA_DESPS,1.597905644535574
CSRA_DESRM,1.824476981004648
CSRA_DESVH,1.5649960833918954
CSRA_DICNV,1.6149511545538933
CSRA_EXISA,1.7348527949468777
CSRA_GEOMG,0.029392766971660104
CSRA_HALOH,NA
CSRA_HAMD5,0.4096831300409288
CSRA_HELPY,NA
CSRA_LEIXX,NA
CSRA_LEPIC,1.6668780029399692
CSRA_METCA,0.39798064068495537
CSRA_NOCSJ,1.3736926119004471
CSRA_PECCC,0.05717167676182527
CSRA_PROMH,1.4824267671437141
CSRA_PSECP,1.83706385664093
CSRA_PSEMY,1.4576565063034073
CSRA_PSEPK,1.2497252038068933
CSRA_PSET1,0.3994881978807517
CSRA_PSYWF,1.751160086081987
CSRA_RHOBA,0.6400152964765129
CSRA_SERMA,0.6206351927571198
CSRA_SHEDO,1.1045586820280464
CSRA_SYNAS,0.775356002604596
CSRA_SYNWW,0.17164514387053983
CSRA_THEM4,1.1993974823511837
CSRA_THEMA,1.7004258831480035
CSRA_TREDE,0.02850620973942975
CSRA_TREPA,1.238273911338449
CSRA_VIBC3,0.0029683488782115473
CSRA_WOLSU,0.5516089097610741
CSRA1_COXBU,0.604389142409204
CSRA1_PSEPH,1.2065767627299229
CSRA1_PSESM,1.7274449589123595
CSRA2_PSEPH,0.04715619515200032
D1C180_SPHTD,NA
D4JWT1_9FIRM,1.5595367107467073
D4ZHW4_SHEVD,0.32640103810463483
D5SNJ0_PLAL2,1.043957140843289
D5SUZ7_PLAL2,NA
D5SXW6_PLAL2,1.6106906960451177
D5SZG9_PLAL2,0.709687466274245
D5X0C6_THIK1,NA
D6TXG9_9CHLR,NA
D6YV24_WADCW,1.8384405121397642
D8PFJ7_9BACT,1.1081869183372794
D9QTN7_ACEAZ,0.5889228838757008
D9TRY9_THETC,1.602086445104436
E_coli,0.17164498899159208
E0S027_BUTPB,4.730012678002725e-4
E1QJF7_DESB2,NA
E3DHN6_ERWSE,1.386939360056988
E3DPD5_HALPG,1.5486919352278374
E6U6H2_ETHHY,0.2022269450982049
E8LHC7_SUCHY,0.010644725839806312
E8QZL2_ISOPI,1.5599647021608143
F0SF88_RUBBR,1.7268681087954154
F0SJ22_RUBBR,1.7506563347672042
F0SNI8_RUBBR,0.02520880126177904
F0SPN5_RUBBR,1.6876764114032927
F0SU36_SYNGF,NA
F2K1D7_MARM1,1.6526980259941169
F3MFD2_9BACL,1.602851427453576
F4LX32_TEPAE,0.12655845705113575
F5L437_CALTT,0.5240516625101768
F6AG41_PSEF1,0.010275449909591358
F7XXK1_MOREP,0.1491776291091551
F9DQ97_9BACL,0.16618569128974406
G4KYG8_OSCVS,1.7209539012279922
G9EQC9_9GAMM,2.0723466194935423
G9ESL3_9GAMM,1.6917960667221188
G9WNR2_9FIRM,0.5967498459204417
H2J5V2_MARPK,NA
H5UUI3_9MICO,1.9291206772997995
Helicobacter,0.0708729433970506
I0AMK0_IGNAJ,2.0095007638011637
I0GTT4_SELRL,0.44412607353257105
I0ICK1_PHYMF,1.6091491522720383
I0IR69_LEPFC,1.4166655660179266
I4BUK5_ACEMN,0.19107585181321732
I6NML3_9CAUD,1.7635534159824762
J0WTW1_9CLOT,1.6190274270318203
K0J561_AMPXN,0.0633660982406266
K2JV96_9GAMM,1.683290880819731
L0DDB1_SINAD,NA
L0DJ67_SINAD,NA
L0DVR7_THIND,1.7256237799251535
L0FAR2_DESDL,0.1044671276494926
Legionella_1,0.09649620927025389
Legionella_2,0.08183526426251302
Legionella_3,1.346266441602085
Legionella_4,0.6199422077023586
Legionella_5,1.6707489489336125
Legionella_6,0.13215279376402897
M1ZCV5_NITG3,0.21583351114392363
M3FDY7_LEPBO,0.3628332353304403
N1ZAB2_9CLOT,1.564675930569096
Pseudomonas_1,0.52563203285638
Pseudomonas_2,0.8099899260780142
Q0EYD9_9PROT,1.6135616871723546
Q1NP56_9DELT,NA
R5YB20_9FIRM,1.695005415332166
R6V978_9FIRM,0.4522576175505688
R6YTH3_9FIRM,1.2948077633837431
R7HVK6_9CLOT,0.34336865568925445
R7IWP4_9FIRM,0.681784192314633
R7R3L3_9FIRM,0.45686200416137457
R9JEB6_9FIRM,0.09608811666837294
R9K8F0_9FIRM,1.6692013649185944
R9KC36_9FIRM,1.775217570827485
R9L8X7_9FIRM,1.3355166763982536
R9M5C8_9FIRM,0.44944463498621806
R9MBC3_9FIRM,0.1664858432171234
S3MLA1_PSESY,0.003376884121991912
S6AQQ3_PSERE,1.5922577556421575
S7TEF1_9DELT,1.7018329648906005
Salmonella,0.3578116872628817
T0N127_9CLOT,1.6647588561897697
T1BB14_9ZZZZ,1.5137520908118713
U2Z2Q8_PSEA4,0.48970437003792383
U7DEL0_9BACT,0.5935389022847882
Vibrio,1.451394013757029
W0REF9_9BACT,0.5662566900738079
W1TPU4_9ACTO,0.5072585377545707
W4F4T7_9BACL,0.8685024545998035
X6QC80_9GAMM,0.15087651810084163
Yersinia,1.957101166358837
A0A142WZT0_9PLAN,NA
A0A286TTV8_9BACT,NA
A0A3Q8X2X1_9BACL,NA
A0A1I3Q3Y8_9ACTN,NA
CSRA_BACLD,NA
Q1IDC4_PSEE4,NA
R5DWT0_9FIRM,NA
